Store,n,rmspe,rmse,mape,mean_true
292,18.0,2.010943826091961,4607.6657088872,107.41089038149734,6374.611111111111
909,22.0,0.914555985146143,5950.333678751405,52.74720087732461,13695.454545454546
876,22.0,0.5098089224439074,4858.093248662623,32.52389125291584,10458.181818181818
782,36.0,0.4792981131892138,1099.6664143641906,21.73710002010173,5301.305555555556
183,31.0,0.32780748942569554,2327.368791753563,27.403290081103616,6093.129032258064
534,36.0,0.32419700879021146,1695.0039196815922,21.35734715773332,7641.777777777777
636,36.0,0.2508295383683529,1588.6118662514948,20.81663261262084,6597.361111111111
612,36.0,0.24027937224293586,1186.2781583027122,15.758075078417031,6439.833333333333
279,36.0,0.23924255695402585,1982.0745149798254,17.19329322621651,9747.305555555555
710,36.0,0.23629815992721648,997.3009488307163,18.4504149917601,4667.75
1014,36.0,0.2351118214595379,1664.9737774161506,14.746014867377,9851.722222222223
695,36.0,0.22777870748478488,1027.5813170731635,16.397516100671073,5507.944444444444
269,36.0,0.22618969366640407,1433.4777071108788,15.082385194280295,7711.861111111111
1073,36.0,0.22396457752768187,1622.0852313222672,14.252583584496376,9074.055555555555
198,36.0,0.2221336112917576,402.8272106732476,14.899941580263745,2762.3611111111113
575,36.0,0.21954182780675208,968.1557142059276,15.209634024162423,5140.25
516,36.0,0.21722263258807034,944.5282133682637,13.94662489904834,5814.0
271,36.0,0.210474304637093,1007.3222944269547,14.836465293677945,7631.805555555556
956,36.0,0.20939435735097697,504.39106608688985,13.99772093189272,3069.972222222222
1111,36.0,0.20404081389202633,892.6181192593941,13.44688837641457,4673.222222222223
518,36.0,0.20188552629207823,1137.0759724833865,15.489686419864713,6021.388888888889
984,36.0,0.199463526816811,1126.56258390092,13.45932666378844,6135.0
607,36.0,0.19851415929824576,487.95393072295127,12.676926080332828,3636.3055555555557
13,36.0,0.19711585944705975,1195.6783173402375,14.364249826354095,5244.583333333333
123,36.0,0.1969483388432991,924.8215043391272,11.242331397120466,8125.833333333333
737,36.0,0.19557083257745733,1000.2975471888537,14.235092500818897,6133.777777777777
898,36.0,0.19439084150914365,997.9458157416984,14.039573022611807,6477.055555555556
437,36.0,0.19418784850862053,1274.710815661285,15.446154937114368,7271.472222222223
1019,36.0,0.1910485821335591,1460.7806267081698,13.38378109026474,8500.805555555555
256,36.0,0.18650502177307068,1303.23843860452,11.9793073689736,8121.75
501,36.0,0.18456509196769041,608.7663535313525,11.800349210850486,4858.527777777777
139,36.0,0.18428453029777564,958.9168400268478,13.03836171789284,6461.527777777777
994,36.0,0.1837282972951076,810.3659406945169,12.735347408804836,4754.194444444444
988,36.0,0.18191589983293444,858.3018926531128,13.757071752814603,5090.277777777777
155,36.0,0.17996465229093817,1162.8914606901967,13.294413682034259,6631.194444444444
1003,36.0,0.17939305890808857,1300.9666708071898,13.640593480448404,6644.444444444444
947,36.0,0.1792025446615646,1065.9604136863973,12.023992001498614,7589.861111111111
926,36.0,0.17874015541140778,1146.8999084282323,12.451453729597633,7187.055555555556
701,36.0,0.1782180333449782,971.328972390739,12.841476150236764,5786.5
58,36.0,0.1777802382000977,1259.8079219776323,13.54019260513574,7121.583333333333
582,36.0,0.17607193965617318,915.4405103848574,11.600223376421548,6160.361111111111
1069,36.0,0.17557892134834713,783.0044608757909,11.067256115703227,6233.833333333333
675,36.0,0.17515875970060552,619.2571722646892,12.625234058312579,3619.6111111111113
27,36.0,0.1749002028350094,1313.485391193178,10.606887982864158,9335.055555555555
685,36.0,0.1744493733798447,977.7014766492208,13.967958834898496,5493.5
244,36.0,0.17441399184008036,863.2882873205317,12.621646831834513,5197.361111111111
983,36.0,0.17302181823003954,1310.8977851501863,12.407695688253176,8204.111111111111
1028,36.0,0.172896733125754,771.8162167133007,11.844199673927504,4905.777777777777
1039,36.0,0.1728880116952405,1254.0186035140887,10.644523962135361,7962.833333333333
102,36.0,0.17244618982429447,1098.598436697012,11.907255088031775,6897.638888888889
427,36.0,0.17244241202007657,1374.1894299167027,13.054354224841818,7540.0
86,36.0,0.17202572766486288,693.2962951496905,12.577741567941828,4389.25
657,36.0,0.17200739249594568,892.2259783904535,13.128676297178085,5512.888888888889
550,36.0,0.17183410072145072,859.4601568753039,12.115335700184964,5168.972222222223
863,42.0,0.17169285606173731,849.5742157478791,11.245460898334406,8074.333333333333
206,36.0,0.17151553382728266,1135.972599619788,12.469910488026668,7564.083333333333
967,36.0,0.17133402886503665,1131.4165187997107,11.025846258800595,7922.138888888889
587,36.0,0.17100242572577043,1731.322910610584,13.782903066988297,10725.75
127,36.0,0.17073931116220434,917.6609109989923,12.94851180146503,5395.611111111111
916,36.0,0.17065090065295563,1002.5074660293527,12.792333951653232,5538.388888888889
46,36.0,0.17062763973430753,944.6401343166539,13.452998533393584,5217.166666666667
302,36.0,0.1700099768752212,604.584854548296,12.837995986630371,3775.5555555555557
839,36.0,0.16873200593766755,478.9398934597641,13.257931382458343,3731.3888888888887
149,36.0,0.16866321481781513,897.0191169161676,13.145506083190439,5564.222222222223
1107,36.0,0.16721325017671507,1004.4207184883858,12.84548956908536,6293.111111111111
719,36.0,0.16707295722905957,825.7342970085949,14.092316755151483,5300.166666666667
970,36.0,0.1668090617583525,444.96608978102375,13.312339148550045,2765.6388888888887
751,36.0,0.16676052346697814,579.2158318559084,12.532097992840063,4005.777777777778
1037,36.0,0.16666849289173333,928.9000567594026,12.347821722551283,6208.361111111111
954,36.0,0.16612991328198254,977.5445048430361,11.777021201861777,6535.027777777777
438,36.0,0.1660090745173607,852.7695885722528,12.501869958148648,5576.611111111111
554,36.0,0.16562650298233642,897.6409782569832,13.326167378837795,5560.472222222223
324,36.0,0.16534401292272713,745.3501697172585,12.380984682066666,5141.083333333333
850,36.0,0.16529431323104535,982.1704133632632,12.962946691410762,6128.833333333333
623,36.0,0.16522322959197328,968.288685845542,11.800243705510614,6579.555555555556
76,36.0,0.16414426108195224,1292.784403080112,9.984375380198198,9166.555555555555
877,37.0,0.16384206391940678,739.1835078006352,10.05997733985655,6540.8378378378375
957,36.0,0.1634373539799541,902.0003032711279,10.006276437083095,7841.777777777777
535,36.0,0.16239560455540278,1021.043937468436,10.182340763029343,8047.777777777777
786,36.0,0.16211891390760272,392.4035682305935,11.61652025403667,3158.75
907,36.0,0.16199997462468807,980.9162935919787,10.631347775483341,6654.361111111111
445,36.0,0.1611762474453329,1316.2148005944193,11.472557183885243,8656.0
1074,36.0,0.16108250361666426,717.1332085561083,12.891706534019296,5018.194444444444
265,36.0,0.16085834578734348,692.7848859943032,9.687130108299607,5376.944444444444
1109,36.0,0.16060760043125363,747.7351931905099,10.950603892824226,4835.527777777777
899,36.0,0.1605097057097302,677.3424922165398,12.178605872104246,4918.833333333333
629,36.0,0.16043115268608105,964.9282481914497,12.224330962735998,6223.861111111111
927,36.0,0.16032086701398818,875.7518535247136,10.930613810560082,6293.138888888889
397,36.0,0.15991263263552227,713.1860586224996,9.574415152036414,5836.916666666667
563,36.0,0.15987678574753736,616.2226195502575,11.687027443461202,4336.111111111111
776,36.0,0.15977777528041717,727.966910963474,12.433735707668221,4750.305555555556
1112,36.0,0.15962885315501382,1257.9656661482816,10.809397464239767,8555.472222222223
286,36.0,0.15859049471375275,458.32395050763984,11.69476704372431,3663.472222222222
454,36.0,0.15835175161534104,529.7267938535135,10.361015930846175,5890.722222222223
915,36.0,0.15823879762978588,898.5787147341184,11.625045503698281,6801.611111111111
757,36.0,0.15784665394336728,847.0117635034298,10.03927821371746,6946.416666666667
854,36.0,0.15777387489226927,868.0835057689453,12.386141564974732,5964.0
254,36.0,0.1577568326429743,480.92420774283033,12.787202251578785,3083.5555555555557
74,36.0,0.15775672109507993,774.4144796048869,10.794153955687595,5825.75
678,36.0,0.15755025129764505,1110.7127695726442,11.492235600727062,7427.805555555556
1056,36.0,0.15697440731745707,687.825177111788,12.560354654054748,4678.5
905,36.0,0.15663905261102096,848.3947711773034,10.250488438925496,6542.444444444444
1027,36.0,0.15654921489411966,1705.8098572970214,11.164276446107786,12365.527777777777
522,36.0,0.15642167789429695,1303.3598708313054,11.887453403276988,8826.638888888889
977,36.0,0.15637980435801596,730.99739741638,12.354498877505932,4440.111111111111
510,36.0,0.1561979238704237,887.9398695605427,9.15355218863317,8062.416666666667
715,36.0,0.15588770878717392,695.4250801707068,10.663759300487635,6237.388888888889
691,36.0,0.1558515471858768,1103.5061065046575,10.590545871767205,7988.277777777777
514,36.0,0.15574625157626823,853.4585495547369,12.24916785372076,5837.722222222223
836,36.0,0.15571588895178287,676.0049896684444,10.364651292203414,6103.861111111111
90,36.0,0.15554839981495028,1082.3915080156262,9.755907304880523,8310.444444444445
1088,36.0,0.15548194065437893,748.1970090401758,11.814420516696277,4887.166666666667
996,36.0,0.15524140126671912,945.6438447890661,11.097984690515645,6962.694444444444
665,36.0,0.15444174352472595,902.228024759933,9.69564435659332,7893.027777777777
288,36.0,0.15434271707617947,749.3751595322203,12.670638655724566,5433.888888888889
630,36.0,0.1538075541273148,720.5848408012107,11.64729522028474,5893.5
526,36.0,0.15311558713157974,1101.446010073623,10.060427649291121,10336.527777777777
645,36.0,0.15289209098671133,1371.638703983433,9.680309205734178,10682.222222222223
137,36.0,0.15287573326071066,1031.6305068347192,10.49156639145826,7805.694444444444
253,36.0,0.1527040687447192,766.8078518581867,11.111726092205956,5535.722222222223
692,36.0,0.15252686357122092,1086.4580634104716,11.002304583091503,6359.111111111111
209,42.0,0.15249782208784265,801.6684670133076,11.419261949812544,6216.285714285715
840,36.0,0.1524203157153271,672.6366766923566,10.370741412399116,6255.361111111111
400,36.0,0.1524119213499622,1148.6702974436482,10.095374397882848,8533.75
908,36.0,0.1522484264089758,644.9989098033793,11.806801818019196,3964.3333333333335
743,36.0,0.15217706421579297,520.7006521139443,11.32965424329177,3811.1111111111113
848,36.0,0.15217012534501934,1018.0142589651518,12.215284450287795,6982.916666666667
466,36.0,0.15208589736101247,980.4561297845707,11.260661180700028,7431.138888888889
557,36.0,0.15188024827685645,595.6568881186853,11.553752980343756,4021.9444444444443
633,36.0,0.15175433065961433,1015.2793905966097,11.685154103846159,7127.666666666667
975,36.0,0.15157623565741396,968.4830666948515,10.02636271401965,7351.555555555556
693,36.0,0.15146136164996582,896.965738441166,11.113906213737973,6441.694444444444
61,36.0,0.15123317646688803,878.7777295757584,12.44597893330743,5403.638888888889
641,36.0,0.15102992359605036,579.8765636811496,9.384749771226883,5077.416666666667
1044,36.0,0.15089589985003446,854.891748473878,11.91488674491363,5928.222222222223
942,36.0,0.15089440321381017,876.850787296635,10.620608181375864,6447.305555555556
401,36.0,0.15037233131397432,820.9956636455655,11.571188341479205,7325.083333333333
736,36.0,0.14949937986994583,654.5641957348546,11.193303208616094,4873.972222222223
713,36.0,0.14939449654125048,1295.370069707446,11.527713874535712,9025.888888888889
1076,36.0,0.14865902403369693,561.9283370153718,11.53362987069962,3883.25
517,36.0,0.14859136450027227,641.438748666746,9.745914714120573,6241.861111111111
795,36.0,0.14838832538065908,574.7468831921516,12.159655710817104,4341.666666666667
871,36.0,0.1480095476895787,949.1037003570573,11.119294924052586,6986.722222222223
343,36.0,0.1479390949090732,1070.7769252894964,10.663528587376984,7575.416666666667
964,36.0,0.14778162879542772,1177.9634899361238,10.398462840737889,8902.25
846,36.0,0.14758606196097565,1245.7092523285921,9.882239246248071,9011.444444444445
962,36.0,0.14757187769066538,876.5247341762081,11.011001354874962,6415.361111111111
456,36.0,0.1475017934163687,717.8838652289331,9.753318423547782,5740.166666666667
703,36.0,0.14745594112358587,439.1197367203687,11.007992333091247,3085.1388888888887
307,36.0,0.14734938029696795,298.11919077468355,11.156585037101694,2634.722222222222
928,36.0,0.14694245491125985,960.9690043667838,10.405335309053871,7746.666666666667
267,36.0,0.1469207960946304,1389.368028600444,11.988207850607255,9424.583333333334
1094,36.0,0.14689684544986084,623.6550911824328,10.48866556808577,4932.361111111111
918,36.0,0.14654478054133108,657.7679946450131,11.295226625426617,5082.555555555556
965,36.0,0.1464405557250512,963.937646640112,10.165052971915209,7897.472222222223
417,36.0,0.14615275637798575,961.8777648830556,11.533195112941634,6792.388888888889
654,36.0,0.14603483068235978,680.8292279104508,10.225618665702443,6616.333333333333
1012,36.0,0.14588296892074532,740.0190948984939,10.122852365011683,5659.75
628,36.0,0.14586151675938236,999.5374627603234,11.689340314799496,6147.944444444444
124,36.0,0.14564833774871463,671.328690285082,10.799753096478453,4413.694444444444
1023,36.0,0.14551805244818977,726.1698544930119,10.185454294774381,5671.027777777777
325,36.0,0.14547468455889406,724.4355505827261,11.4777831153037,5963.027777777777
567,36.0,0.14538090247928387,592.2049296797786,10.41309844554195,4890.111111111111
845,36.0,0.14536309483760787,715.2255462597559,10.898498466197731,5082.5
869,36.0,0.14526411062370204,690.1343280826449,10.203868457694734,5634.138888888889
913,36.0,0.14524301861390007,1052.5495251769983,9.813602652167102,8667.222222222223
179,36.0,0.14513832381589695,981.8024164290417,10.217582804430997,7208.472222222223
617,36.0,0.14510960946300397,763.3196017171772,11.302768083578796,6504.305555555556
951,36.0,0.14506656682114885,1193.6865170901447,10.446469069361958,7922.305555555556
402,36.0,0.14461324936597067,833.8949276667145,12.02513854921045,5865.138888888889
605,36.0,0.14427157638682453,1031.2030786790103,11.141726473328411,7441.444444444444
1081,42.0,0.1442585529831617,614.6890633210563,9.748354064739814,6448.785714285715
308,36.0,0.14425502289035808,1138.361279189042,9.775870801979247,8722.472222222223
828,36.0,0.1440321784104405,586.4377935139026,10.66631765889362,5090.166666666667
561,36.0,0.14390967231989785,930.1244392838779,8.559794107297733,6865.444444444444
716,36.0,0.1437968189096052,742.8972259577207,10.539756079239506,5641.416666666667
930,36.0,0.14378993744016444,1045.7983125757016,9.837710247151069,6837.166666666667
759,36.0,0.14345755836381252,871.4638630018874,10.309642682661444,7069.222222222223
979,36.0,0.14337887349652348,829.6442670309458,11.18074390946348,6531.666666666667
215,36.0,0.14336847649916015,877.9091073737371,11.429982169539436,6324.583333333333
449,36.0,0.14331411957372792,1229.9671550137316,9.605675241736957,10489.166666666666
42,36.0,0.14297778241037698,1377.3908518394692,10.517048319305001,9998.0
300,36.0,0.14276635274024826,1024.8094596930916,10.564067651034454,7625.888888888889
483,36.0,0.14246940588953425,548.6930985855114,11.318806617329333,4730.805555555556
170,36.0,0.14235681283597432,592.1356820366683,9.682619911289988,4107.611111111111
543,36.0,0.1422361286957336,370.0843307086355,11.469391367114646,2628.8611111111113
552,36.0,0.1421020456996969,1137.0798665390496,10.950374522610383,7605.194444444444
486,36.0,0.14208688794103624,606.0498662195376,11.2676906776137,4307.5
1011,36.0,0.14205209707315877,931.5455510079498,11.016790550971972,7045.888888888889
330,36.0,0.14204025071284848,500.9667888241413,11.18829558329406,3917.1388888888887
541,36.0,0.14203222033560217,843.2287831360925,10.36043264429787,6778.277777777777
739,36.0,0.1418387569301041,1428.3277711342123,11.673370999913885,10426.5
730,36.0,0.14155326894380543,910.519357740308,10.474258142550703,7166.527777777777
24,36.0,0.1415286766835933,1214.0953249885354,9.238550447445675,9724.583333333334
298,36.0,0.1414001154760648,1112.9121916255312,10.288453141961218,8497.138888888889
220,36.0,0.14139287257713168,740.7150955809348,11.932843667265397,4707.527777777777
688,36.0,0.14122034275449766,418.5991621027909,10.181296739261864,3558.8888888888887
822,36.0,0.1412044107273698,920.0918612085613,10.8733256180258,7449.611111111111
350,36.0,0.14064501922068018,833.8954434085398,8.945205111090416,7072.388888888889
724,36.0,0.14024630959587897,807.2442916228412,8.60267397752035,6731.055555555556
461,36.0,0.1400175207609638,602.286394375608,10.572104065871498,4672.944444444444
299,42.0,0.1395675071762383,936.2983466430829,10.225229039759787,8361.857142857143
924,36.0,0.13945359681733888,587.4508456229239,11.747702723539225,4423.972222222223
530,42.0,0.13943972284442158,1024.9816106839348,11.647556142992148,6944.619047619048
717,36.0,0.13937524379927899,732.1406903311757,10.304799806959638,5239.166666666667
60,36.0,0.13919149632528952,1086.126379265616,10.818806506095349,8751.0
571,36.0,0.13911990389834386,1095.816158418252,10.614904688066346,8367.361111111111
475,36.0,0.13866492257033208,799.8200798167218,9.721775097381101,6132.861111111111
99,36.0,0.13852315262277096,733.779596818046,11.58463879986514,5628.888888888889
852,36.0,0.1385125677899055,501.2714883517292,10.191964898730452,4339.222222222223
453,42.0,0.13839118065655476,1344.1890107484785,10.687543584282649,10370.047619047618
750,36.0,0.13824636232622944,712.4879206898827,10.979130785493844,4884.055555555556
625,36.0,0.13823904287994324,789.2529818084574,9.074250527755243,6158.638888888889
973,36.0,0.1378601902331082,1022.1621256282556,10.853469642494309,6899.222222222223
405,36.0,0.13760204410829127,511.98626943106666,10.728156859390275,4431.861111111111
455,36.0,0.13745336355632426,1136.8452605236027,10.776822329499577,8147.944444444444
829,36.0,0.13740748011517104,664.0693378947993,9.341189225822943,5667.861111111111
223,36.0,0.13716515412399558,928.2637912488958,9.472140620102405,7096.388888888889
242,36.0,0.1371115774091488,528.8794933983447,11.300877373447962,4057.0
705,36.0,0.13698093254320087,931.0418028227417,10.919045730157896,7859.305555555556
268,36.0,0.13693843925044688,683.387234092764,10.41748452920869,4702.416666666667
93,36.0,0.13680727862918027,714.2262706520315,10.063412688023751,5738.194444444444
176,36.0,0.136758661689843,560.238861498261,9.556365137372962,4931.972222222223
662,36.0,0.13652416949828972,994.3042411121261,10.632217886850253,7827.888888888889
419,36.0,0.13645852542286516,638.9071111927373,11.490739866467232,5112.638888888889
881,36.0,0.1363978474904504,542.3086183593902,11.486563961558893,4032.6666666666665
410,36.0,0.1363185284077262,751.3035880689868,9.95417182711556,6262.388888888889
329,36.0,0.13612910679994028,807.3183833173354,9.85945054243193,6646.472222222223
177,36.0,0.1359425129385252,438.61216005476206,10.519383220033435,3686.027777777778
509,36.0,0.1359030202545976,762.426188216195,9.892066308913288,6056.555555555556
696,36.0,0.13589413991962418,1209.933488123876,11.460798161356008,9076.194444444445
841,36.0,0.13580339248585818,331.8356490983541,11.238093905576479,2514.25
992,36.0,0.13566727702591844,602.7829370093862,9.32439309754461,5034.361111111111
867,42.0,0.13562462913623283,492.89185317938444,9.516439397217228,4676.690476190476
338,36.0,0.13553923169229468,863.8660863811943,9.673046624781138,6807.027777777777
891,36.0,0.13549634224722157,940.7811171421554,10.998244110819256,7337.583333333333
385,36.0,0.13547160645703898,876.7378872031603,10.869633817058807,7179.805555555556
345,36.0,0.13544124830356744,624.4049506334514,11.307539942066619,4350.25
831,36.0,0.13514882698557074,1269.5405099054908,8.69717173155411,12018.194444444445
997,36.0,0.1350065938663277,637.1190763806819,11.433022036570357,4943.027777777777
503,36.0,0.1349574756991287,897.9118873347296,9.880139605600709,6909.916666666667
16,36.0,0.13491396648596837,900.2114806296098,8.870805375111068,8134.722222222223
29,36.0,0.13469525420797848,992.8744310364269,10.12093907568941,7827.916666666667
886,36.0,0.13455940056627758,770.7759143008952,9.864756225291046,6719.638888888889
708,36.0,0.13455244512773312,775.6110452863592,9.920951174280821,5832.416666666667
502,36.0,0.1344975834174844,1169.119119586073,9.485863265509883,10209.861111111111
166,36.0,0.13433181397090366,765.9283155544877,10.21866299303551,5521.694444444444
55,36.0,0.1340199376692163,596.6673589631563,11.08482775085125,4938.361111111111
785,36.0,0.13383089002147122,988.7020202126064,10.00922194479478,7267.055555555556
135,36.0,0.13366101285599954,799.8226964839201,9.764805591251118,6213.305555555556
982,36.0,0.1336340044828384,930.6561556312608,9.689553841442002,8251.111111111111
722,36.0,0.13343102273848198,931.8454665325823,9.610317492082933,7563.583333333333
67,36.0,0.1333684962546156,898.6818561695923,8.48619879729109,8206.611111111111
83,36.0,0.13333021578429335,424.80165439368034,10.698167826619045,3658.4444444444443
238,36.0,0.13322115422565164,859.199105378927,8.763425324422816,7150.5
779,36.0,0.13306427098169085,556.117283450744,8.443705384952068,6876.611111111111
683,36.0,0.13304849773103164,837.5580777711473,7.838869264705332,7941.055555555556
932,36.0,0.13304206640574892,982.4912999503229,8.346020115849246,7440.0
1058,36.0,0.1330056834169531,764.5365591744894,8.898839522171155,6987.277777777777
114,36.0,0.13300248423734376,611.5338674376671,9.99489084093953,5182.944444444444
684,36.0,0.13294102238077748,1107.7140044068417,10.778436124449486,8998.25
894,36.0,0.13292886965803558,864.4781542429254,8.376633684261455,8228.694444444445
753,36.0,0.13283550951896417,925.4227712265216,9.639994858467501,7849.0
589,36.0,0.13281870391545691,758.0473056390857,10.373432556833812,5107.583333333333
540,36.0,0.13279826301468353,907.6114296786562,10.656328877190205,7011.777777777777
72,36.0,0.13275830214918002,637.4705089111235,10.72931153374301,4428.861111111111
547,36.0,0.13266909011072797,833.9142732448873,10.870038230354844,6255.416666666667
576,36.0,0.13241346385384248,742.1554484541521,9.990586055569366,6629.166666666667
41,36.0,0.1320794778280639,725.2561798133426,10.348450706239923,5684.666666666667
275,36.0,0.13203152185446027,903.521853193576,9.636833104944749,6761.888888888889
649,36.0,0.13200774418388492,469.21394211787907,10.126681132263236,3573.3611111111113
59,36.0,0.13187883619117202,633.4274858009614,9.730300526725314,5300.944444444444
793,36.0,0.13147759977791923,563.8818132909722,9.900674435050098,4839.027777777777
291,36.0,0.1313100605074985,792.7861369460248,8.809148575978867,7743.583333333333
213,36.0,0.1313079517918317,1005.8993810835686,8.876205731231007,8440.111111111111
542,36.0,0.13094468802507822,729.0458696697456,10.11358820550793,6089.972222222223
844,36.0,0.13087520671053324,495.3077620906458,10.783106258373486,3993.527777777778
697,36.0,0.1307986330247063,1316.6866409497834,9.051067226646307,10620.444444444445
421,36.0,0.13074645743640226,1300.029480066976,10.51877284670212,10182.444444444445
680,36.0,0.1305143683342087,671.8274179359781,10.477832219004506,5290.277777777777
519,36.0,0.13038155771256188,626.8068402402085,10.477930456675871,5392.388888888889
681,36.0,0.1303700944413166,519.6343847599163,10.283449727479683,4010.027777777778
707,36.0,0.13034954929348333,979.7706245844754,9.558725671513654,8431.138888888889
231,36.0,0.1302682408440727,574.0222514611411,10.4059615731418,5016.694444444444
910,36.0,0.1302093802464721,672.9475412112415,9.817095592778298,5844.472222222223
1085,36.0,0.13013228660563084,777.4149179614789,9.482812405215096,7040.888888888889
900,36.0,0.13011719207430303,830.8451112705332,9.616939498868645,6521.916666666667
232,36.0,0.1300843395228677,447.1687041421476,10.106938965583074,3799.3888888888887
9,36.0,0.12997464868056377,969.4145152740308,10.444404442095891,7324.25
218,36.0,0.12987296653886804,422.00747541802815,8.931682757669185,4764.444444444444
12,36.0,0.12979812864387577,916.0639156957913,9.879265742860035,7575.055555555556
378,36.0,0.12973486736573425,814.7829337992296,9.739747401515414,6834.194444444444
283,36.0,0.12953947563013715,1111.7882939276192,10.033716131548703,7823.333333333333
784,36.0,0.12953287739712221,858.0736952599909,9.872279901686575,6557.638888888889
21,36.0,0.12950760962279884,730.92274146082,9.869698620608796,5812.722222222223
551,36.0,0.12945753058818596,1025.7587992538931,10.369794703762283,6687.888888888889
823,36.0,0.1293442750253663,610.7029827817719,8.81307448135683,5992.305555555556
830,36.0,0.12928835128832344,775.3004292370359,9.645269440533788,6327.305555555556
890,36.0,0.12924985181006965,782.5190719961885,10.516819670858611,6354.138888888889
433,42.0,0.12921897933916834,631.8466666385193,9.267099267093332,5585.571428571428
425,36.0,0.12918774526950452,418.6714206125176,10.452847992254762,3162.6944444444443
931,42.0,0.1291673451011362,615.8864931534386,10.097923090985615,4614.238095238095
803,36.0,0.12904802271662164,680.8379077305398,9.932658580740538,5706.055555555556
392,36.0,0.12904260958313782,862.4434237178745,10.055450188743158,6950.361111111111
1105,36.0,0.12900296854308183,621.8679797536937,9.522806043383108,5080.833333333333
96,36.0,0.12874946110587968,660.0464250202292,10.120428869748915,5209.416666666667
644,36.0,0.12871296043820457,1062.2345941885844,9.633492537144498,9011.944444444445
925,36.0,0.1287069010018544,905.5391826283984,9.334322219487259,7247.638888888889
1030,36.0,0.12862411156584344,428.49573331987574,9.683056160159968,3596.1944444444443
78,36.0,0.12862036406573665,424.05567645375686,10.196434706731171,3703.5833333333335
985,36.0,0.12852426082962856,1031.3145422537457,9.92557198487544,8563.611111111111
368,36.0,0.12844806103837364,1071.0099345620379,9.141369764266278,10049.305555555555
505,36.0,0.1284104523785725,624.9140555865229,10.055978562180968,4747.25
614,36.0,0.12824962441629134,837.1072670071321,10.507045541599664,6625.388888888889
164,36.0,0.12802700959299199,802.1173505679973,9.655186293107349,6568.111111111111
978,36.0,0.12782617909084407,821.8523701052659,10.385304945577285,7250.972222222223
88,36.0,0.12782033547657182,527.947523243105,8.997851195303838,6056.472222222223
1048,36.0,0.1277915987005708,953.9035286285891,9.870644565574827,7454.333333333333
463,36.0,0.12750411384952864,628.8843619600736,9.699538803679882,5830.527777777777
30,36.0,0.12746375083461514,487.61840777125025,9.795448016254687,3994.6944444444443
53,36.0,0.12741145661859757,532.3473468454789,8.368714746094371,5409.25
458,36.0,0.12738095271730876,961.3404606555966,10.610180624441991,7802.972222222223
188,36.0,0.12729053400900572,730.9198219802213,10.922958638423834,5537.555555555556
57,36.0,0.12713873230183378,964.3515014238731,9.837937920602148,8705.694444444445
572,36.0,0.12709010173412114,819.7582297710171,8.911373733062216,6799.527777777777
285,36.0,0.12693256719272938,722.0728877020654,10.339453501338294,5536.694444444444
661,36.0,0.1268427204335866,893.6475179608602,9.640791539766678,7186.194444444444
608,36.0,0.1267464692778441,1085.4014389789818,9.409180431632535,9351.833333333334
816,36.0,0.12671293869228553,531.4540675688918,9.506273276007386,4603.833333333333
399,36.0,0.12661334262986057,748.7746631241969,10.34346617341953,5944.305555555556
976,36.0,0.12658367603363976,761.161386228051,8.82681782539236,6711.5
1113,36.0,0.12654498949397092,758.5217896187658,9.763232080973077,6564.25
200,36.0,0.1262771707505099,881.0569399155463,9.342006055403706,7557.75
424,36.0,0.12624299474102832,952.7709898098213,9.591105490979452,7266.111111111111
488,36.0,0.12623330903678256,433.4458644711187,9.322854775113372,3727.1388888888887
92,36.0,0.12617008276594438,691.2335487842871,9.350071972628662,6267.972222222223
537,36.0,0.12614507705530142,789.3042624738154,9.916200185817917,6094.722222222223
611,36.0,0.12610910047101345,728.5954219291247,9.94178470940463,6051.916666666667
377,36.0,0.12594999306095428,990.2326089060462,8.595107326829988,8379.027777777777
247,36.0,0.12583267397990947,912.8722163415935,9.633532201545778,8101.222222222223
19,36.0,0.1257754913591905,729.0837691484944,9.923467070619758,6589.527777777777
865,36.0,0.12573969641393518,968.7922374835373,10.22833108533662,7925.555555555556
387,36.0,0.12571627338038002,952.3031478192319,8.669619079613488,9300.5
833,36.0,0.12559324637356023,550.3945925232318,8.967238529426293,5329.388888888889
441,36.0,0.12557591668025722,780.7450404327983,9.138939096202888,6471.027777777777
1078,36.0,0.12556707998580582,848.1291935713516,9.820608582208369,7524.416666666667
1045,42.0,0.12529485185902506,1075.7495514134496,10.176535171672649,8943.52380952381
570,36.0,0.12527375492981643,459.27611178329363,9.4392161191098,3923.3888888888887
834,36.0,0.12513561135170784,645.6199941831179,9.22611106334699,5928.944444444444
407,36.0,0.12495991872412736,544.283045602096,10.300016908978755,4287.583333333333
642,36.0,0.12488039146804696,350.2647074471744,9.621462216889109,3202.027777777778
210,36.0,0.12485057453972145,331.72023769924607,9.76613122545743,3016.1666666666665
113,36.0,0.12479856124595275,675.3629867976881,9.209606211208838,5813.583333333333
120,36.0,0.1247880615642098,847.682899407058,10.216267095378468,7171.888888888889
1110,36.0,0.12478406896961891,540.5062068586228,9.413604334115853,4429.444444444444
384,36.0,0.12476953050507279,1099.7011856977585,9.186762148415628,9179.111111111111
1086,36.0,0.12476431640529795,565.3693711180099,8.77187593856603,5857.194444444444
1082,36.0,0.12474761771038964,688.7587697718867,9.601927834382511,6518.638888888889
536,36.0,0.12467525439105136,907.8376725356876,8.916323633530638,8063.0
1051,36.0,0.12449607099597702,903.9146480419964,8.899850198119697,8032.777777777777
444,36.0,0.1244052724121894,1403.8798204293248,10.14540406648607,11744.888888888889
219,36.0,0.12438513297801106,383.62101772419453,10.225333815368371,3065.277777777778
879,36.0,0.12435125614627424,466.7042619551912,9.389484304875378,4106.861111111111
663,36.0,0.1242586577694851,861.0530632302253,9.183512809949196,6185.694444444444
248,36.0,0.12421726044488761,913.0010159424462,8.567776274881853,7990.305555555556
28,36.0,0.12417455429011702,440.67142215152097,9.000488497628718,4606.861111111111
412,36.0,0.12410207408754768,1094.8413440224087,9.674910854072442,9544.972222222223
212,36.0,0.12408441972359747,550.5941578624562,9.237492494397333,4576.972222222223
225,36.0,0.12405677854314101,608.6366816566243,10.604002766357713,5466.777777777777
1029,36.0,0.12391831691910676,500.0759149461269,9.743335858500293,5202.138888888889
305,36.0,0.12373446530981927,746.8347620604443,10.041498687703859,6218.027777777777
366,36.0,0.12367168676036845,608.607030995501,9.80955577397277,5975.638888888889
43,36.0,0.12366421843022123,752.1646894883065,8.879379969173389,6301.25
580,36.0,0.1236420267224192,1091.3339953925251,8.54888887719329,9712.5
327,36.0,0.12344493989160098,826.5961497248456,8.322320344918843,7774.722222222223
579,36.0,0.1234200987330273,892.6223604008496,9.68639753002718,7702.916666666667
1095,36.0,0.12341818082292093,587.0120332583515,9.50124932134466,4634.777777777777
1066,36.0,0.12337872067617023,1155.0567903345138,8.605795794700507,9485.861111111111
603,36.0,0.12323805152016931,784.3963539983804,8.160064052671572,7146.055555555556
380,36.0,0.12318013020277879,1467.6240296547646,8.19084376556542,13777.916666666666
47,36.0,0.12317286207172569,856.245844969978,9.105002848546967,7242.25
351,36.0,0.12312904172192411,683.5110384256124,8.845995818905239,6088.611111111111
226,36.0,0.12310405286695264,765.6350204776517,9.395365885419778,6663.0
527,36.0,0.12302982482930706,1243.8994731851883,9.490249264833857,10723.138888888889
50,36.0,0.12298734400276604,508.66058338690027,9.255834339252228,4495.805555555556
749,36.0,0.12293674448679492,612.6626782470763,10.439413063726258,4627.083333333333
1062,36.0,0.12288449986700806,665.6248436483993,9.608209897152827,6186.138888888889
584,36.0,0.1226253973506586,585.0262458889854,10.10323216840116,4925.111111111111
655,36.0,0.12260205273253622,955.8744226472425,9.207028804530712,8441.388888888889
1043,36.0,0.12257586406834561,908.3642354160588,9.326502399132048,8066.916666666667
56,36.0,0.12252122305508563,951.3639714647588,9.605631842317523,8320.972222222223
97,36.0,0.12243714377434106,812.9861427971894,8.953048391207593,6862.444444444444
479,36.0,0.1224350111364323,1077.209190341855,8.331680147963715,11339.583333333334
40,36.0,0.12236751616854405,506.05223596825107,8.281557630935582,4375.305555555556
1115,36.0,0.12229569976031225,852.270125046971,9.65188567385727,6943.972222222223
577,36.0,0.12222262275529333,546.3794649387502,8.75176829843889,4901.166666666667
101,36.0,0.12219248330675153,836.0064156130322,9.42411271981458,7765.861111111111
420,36.0,0.12217833367684588,668.905694470569,9.512076293792296,5130.194444444444
125,36.0,0.12214660017216634,1307.8790319648333,8.242278485487903,11987.722222222223
586,36.0,0.12211865601165155,1532.8883208148593,7.692999832353885,14791.944444444445
243,36.0,0.122077728945469,779.1387142031318,9.340952205644895,6810.0
754,36.0,0.12199237720527044,824.0359676325924,8.983790451109716,7031.555555555556
322,36.0,0.12198087762353035,605.5976245392978,9.375286076590802,5110.888888888889
961,36.0,0.12189140048324477,667.242367307601,8.506076092479155,6361.972222222223
548,36.0,0.12178142728177183,556.3010525171826,9.744272019550875,4888.166666666667
35,36.0,0.12174143911521258,1266.5761786036192,9.576897390135281,10721.361111111111
639,36.0,0.12169935425619104,456.63042315199556,9.145979420621154,4249.111111111111
409,36.0,0.12169702083942961,737.6282123366202,8.891972933300437,6306.583333333333
62,36.0,0.1216658194276145,685.1606042174877,8.115222278095903,6447.444444444444
391,36.0,0.12152117717561763,536.4462890482013,9.503598152794543,5250.972222222223
370,36.0,0.12149930277412031,926.8432184074636,8.778700517974885,7925.166666666667
585,36.0,0.12148151270014194,624.4949544225676,10.097012551968337,4993.194444444444
169,36.0,0.1214340684329527,687.9835218048429,9.111468837849081,5791.083333333333
181,36.0,0.1214144540360749,659.6695655913906,8.957351605378168,6134.305555555556
604,36.0,0.12141037948543439,809.1142514049369,9.997000068515554,6961.138888888889
129,36.0,0.1213932430534382,998.3476237689372,9.514432232016242,8309.694444444445
339,36.0,0.12134150640217377,570.5227713745185,9.742283037390692,5324.972222222223
174,36.0,0.12132841509502913,707.8439986350767,8.954704540328718,6181.083333333333
818,36.0,0.12128445093203709,788.2960049100249,9.265776952599156,6089.277777777777
1099,42.0,0.12120013311218013,1087.0819983829895,9.014481892709313,8317.547619047618
656,36.0,0.12115011991349332,399.2262699424057,9.965565248160296,3299.222222222222
770,36.0,0.1210148397018047,586.2479009828547,10.012591513571117,4745.805555555556
367,36.0,0.12084366422159949,624.418464608629,9.306759225516787,5485.25
1005,36.0,0.1208376155581847,699.7950182799168,8.966551367008083,6105.666666666667
236,36.0,0.12082031254040539,763.66628261601,8.931596429272656,7368.638888888889
289,36.0,0.12080736456419103,707.9685820485529,9.742026565683016,5876.166666666667
468,36.0,0.12065982755083254,814.883637486114,9.984460714951997,6406.111111111111
395,36.0,0.12056832895119564,428.32655159470085,8.7310705674157,3837.527777777778
972,36.0,0.12056613947076726,351.78450739627215,9.04994547777685,3247.6388888888887
15,36.0,0.12055144896336614,805.0811490539359,8.869450157481127,6823.333333333333
185,36.0,0.12042584977630234,753.1706399798289,9.066736684652106,6492.277777777777
668,36.0,0.12042264173755335,877.7456542153583,7.940271155311245,8876.777777777777
317,36.0,0.12039639303322217,634.1828080433504,9.631186761057199,5627.388888888889
418,36.0,0.12019470762495403,528.3756043666546,9.262633670283252,5152.027777777777
987,36.0,0.12016727085918145,863.3066353297569,10.231702260777492,6561.722222222223
702,36.0,0.12015816408231869,529.0258121607377,9.552517768588116,4210.638888888889
862,36.0,0.11991326568672055,881.4406151862513,8.74835068127386,8312.722222222223
780,36.0,0.11986087652516687,709.1492402776972,9.11743873127879,6380.416666666667
80,36.0,0.11984430551129073,918.3696878988344,9.371172630102228,7997.861111111111
429,36.0,0.11982038789240718,566.9441006973113,8.708205186501477,5261.805555555556
398,36.0,0.11980364447892539,628.8400996929322,9.647090273197938,5560.527777777777
173,36.0,0.11979344416523931,864.217641469093,8.618136794272349,8061.333333333333
230,36.0,0.11976381575650283,928.6103866369884,9.153552774317525,7839.333333333333
278,36.0,0.11975103526419255,788.1868077692778,10.019285775309664,7196.611111111111
933,36.0,0.1196304290649171,731.6298193961287,9.20250107784244,7315.361111111111
347,36.0,0.11954442541594282,596.8270753441907,8.988804743857031,5325.5
258,36.0,0.1194269600084557,680.7031455137658,9.816469491825192,5836.833333333333
476,36.0,0.11937650706719762,562.9445278785205,8.45176653885169,5853.305555555556
767,36.0,0.11936582223851845,662.9512025098068,9.64354286489325,6081.222222222223
1013,36.0,0.11930383238617173,447.7099628577967,9.676956854122915,3534.25
68,36.0,0.11929963640282289,1023.577851207715,9.930253076266292,8250.527777777777
1032,36.0,0.11928146402830582,833.6584203177136,8.717197682206956,8998.916666666666
791,36.0,0.1191906875353411,940.8276631127179,8.748314805282767,8490.944444444445
1060,36.0,0.1191449715558902,769.710573896778,8.905757225003159,7213.888888888889
507,36.0,0.11902702555197801,1012.3171648406276,8.268589475285756,8412.944444444445
941,36.0,0.11902406634451673,599.8151553407023,8.91706088022813,5319.388888888889
666,36.0,0.11881999784175416,951.8999721394821,9.308404962702358,7391.861111111111
986,36.0,0.1187870809593705,611.39625248126,10.625122390339104,4889.638888888889
775,36.0,0.118710743717853,925.3554989382959,9.053929062190658,8428.111111111111
746,36.0,0.11865641392872435,773.2765756510021,9.558099095373436,6649.333333333333
203,36.0,0.11863351526251542,803.4923532162071,9.238964856878082,6919.638888888889
1001,36.0,0.11859569211268023,642.5448680069785,9.57023564012423,5777.944444444444
138,36.0,0.11856204970071849,707.7546345204669,8.228273519414051,7669.361111111111
105,36.0,0.11855720914773052,530.0830095194614,9.435483304167724,5132.222222222223
310,42.0,0.1185515965343793,891.0911861090059,8.659023121732423,8622.214285714286
51,36.0,0.11855093398863682,803.4438202769683,9.015756800464635,7156.25
805,36.0,0.11854258755192512,594.2201662411268,8.43712617451514,5433.138888888889
448,36.0,0.11852472400723144,865.0966805010555,9.329994679889884,8281.555555555555
1093,36.0,0.11843287465632482,983.1159136260981,9.866719118295201,8464.555555555555
290,36.0,0.11839745267086078,696.493056836321,8.11721242241314,6926.611111111111
952,36.0,0.11836547845906749,720.6636725289936,9.327361355652728,6067.861111111111
711,36.0,0.11826854931319243,677.6282499951756,8.976450981683588,5694.361111111111
106,36.0,0.11824623771514796,959.3027460492044,9.071536021336097,8961.361111111111
601,36.0,0.11820492530174867,561.3970179577427,9.21587322233701,4874.722222222223
315,36.0,0.11820076265448573,466.9222105066591,9.383629263527487,4434.416666666667
328,36.0,0.11819490348886783,465.81111796678204,9.097941449619142,4359.083333333333
52,36.0,0.11809647836221006,753.5638012724771,9.314024227817436,6591.277777777777
718,36.0,0.11803736969958026,760.3672063752081,9.368256259290954,7278.694444444444
798,36.0,0.11803373372442533,674.4484335960144,8.650738373788283,7243.388888888889
266,36.0,0.11794065032201101,465.2629073702964,8.741513496271475,4092.1944444444443
1070,36.0,0.11780873409241778,800.0606628060251,9.7935640750295,7188.833333333333
761,36.0,0.1177438449879302,894.887031266802,8.085610166476025,8947.888888888889
470,36.0,0.11772325820545508,1312.1190152002116,8.848813020531141,11805.25
524,42.0,0.11765115687352375,734.8867979751193,8.565791746793616,7689.9047619047615
1057,36.0,0.11763966392653168,622.6016109305866,9.29298158083851,6126.75
520,36.0,0.11760731321088297,458.63087214123846,8.833611486769904,4270.666666666667
77,36.0,0.11748951128336618,849.065031648047,8.615444373655563,7880.694444444444
406,36.0,0.11745486174958257,822.596698166551,9.31955582742077,7318.305555555556
801,36.0,0.11736618015500982,664.6133555016106,9.794871423244414,5565.194444444444
37,36.0,0.11735217076465512,699.0376515752156,8.956135214273726,6655.666666666667
847,36.0,0.11732959732934967,726.2609634274475,8.751846217840017,6575.527777777777
184,36.0,0.11731388106108831,685.9998095186259,8.531009550282324,6372.527777777777
234,36.0,0.11729963284179278,1112.4283026034204,9.184311711455912,10249.583333333334
344,36.0,0.11723507821497206,1114.6659416191715,8.923392524937386,9490.277777777777
1108,36.0,0.11722455369865942,592.3483649366002,8.813848945507369,5824.361111111111
235,36.0,0.1170430997793127,640.9808881760866,9.840983795930907,5386.194444444444
158,36.0,0.11700064627832009,922.4619010858498,8.884491882911096,8352.555555555555
63,36.0,0.11696975512650147,735.2512479133767,8.938197646580674,7495.055555555556
1002,36.0,0.11695524301008892,758.5168648957854,9.744939538841273,6769.138888888889
1063,36.0,0.11688851511185556,461.8616948958773,8.602835373277182,4363.472222222223
597,36.0,0.11688181054479697,553.8919673938016,8.201820309034446,5193.055555555556
917,36.0,0.11679235999869926,739.4421199370562,9.29577337645503,6416.5
462,36.0,0.1167358716343641,514.7287547356877,8.7018134251814,4484.722222222223
939,36.0,0.11670453029071617,680.6759823670584,8.217980871620851,5848.777777777777
1090,36.0,0.11666044568819448,666.5538594581486,8.785397936742193,6469.083333333333
1031,36.0,0.11663598434546567,464.919711160331,8.605938090667937,4753.25
800,36.0,0.1166035488683119,470.81214598380205,9.238744451082177,4615.527777777777
573,36.0,0.11658130305623743,493.69699378059653,9.352842021953194,3873.777777777778
136,36.0,0.11646816213374642,632.2264146036148,9.357223105715226,5616.583333333333
281,36.0,0.1164321229531066,659.5426236253656,8.996555767762434,6088.888888888889
473,36.0,0.11642835868648846,338.1175857532739,8.645145953611653,3259.277777777778
2,36.0,0.1164261960466665,623.2766910004215,8.961067724784295,4944.722222222223
553,36.0,0.11640803008494582,818.7034406040851,8.636172620337437,7531.055555555556
321,36.0,0.11638959514453481,677.4954201625721,9.587238184257469,6100.027777777777
457,36.0,0.11632304284978401,607.3420083179738,9.587417160379372,5543.527777777777
627,36.0,0.1163227921141601,755.6026382946895,9.712732540617894,6843.027777777777
428,36.0,0.116303449555318,795.3379456659433,9.662858561289035,6683.944444444444
361,36.0,0.11620637413537978,659.9229972780017,9.20907924695377,6239.666666666667
26,36.0,0.11619708906186375,783.5996219590564,9.18835133389651,6832.444444444444
660,36.0,0.11618518823045569,629.3931024267781,9.195009876324779,5314.361111111111
591,36.0,0.11607044090004373,657.1323369496279,9.540359613747304,5786.416666666667
430,36.0,0.11594279995005889,987.9822438010226,9.293115518093899,8853.083333333334
1065,36.0,0.11588122246676583,458.6044987233882,9.509381398560908,4292.722222222223
489,36.0,0.11586005108149906,711.2167912284988,7.515572256498733,7505.611111111111
153,36.0,0.11582265358362923,701.6087593222264,8.51930537308016,5948.333333333333
809,36.0,0.11576844469274827,911.3443086433274,7.964386072121608,9351.055555555555
1036,36.0,0.11570633220717474,487.0341381839943,8.01636063402142,5027.416666666667
442,36.0,0.11559237560820906,447.8502173817811,8.727046868181855,4588.472222222223
293,36.0,0.11558640227835332,599.8699485098376,8.905874454052311,6025.361111111111
131,36.0,0.11558266891709658,553.4943545012451,9.39712998911246,4998.611111111111
602,36.0,0.11557558221446255,695.081874746408,8.24347365628751,6344.388888888889
619,36.0,0.11538713841009765,542.7014215985132,8.377602120714158,4352.361111111111
22,36.0,0.11527866011217285,571.6603635865613,8.95969363682862,4852.055555555556
1016,36.0,0.11524623032767752,591.3183285804135,8.941009984883948,5561.972222222223
1047,36.0,0.11498795505666455,642.5019908726208,9.449933528419354,4870.305555555556
340,36.0,0.1149192893014572,782.0288809970414,9.234767444938214,6811.055555555556
478,36.0,0.11491842931478584,649.1485346223783,8.514437922084108,6744.388888888889
208,36.0,0.1149077322346753,340.70828693365223,9.40834601916152,3117.6944444444443
318,36.0,0.11489685259696479,806.3281864422972,9.179690592336891,7319.5
17,36.0,0.11488497832432851,662.2967601579932,9.243001828817183,5977.694444444444
10,36.0,0.11486928538620114,679.2301321847465,9.38742612395537,5912.75
820,36.0,0.11486125887166382,1370.3666261534681,8.666007657369079,11956.083333333334
690,36.0,0.11484751925944135,601.2603435500031,9.02438325648946,5387.333333333333
732,42.0,0.11484340881062563,949.9589712941487,8.876862526293298,8216.92857142857
812,36.0,0.11461321576350676,549.0453762131945,7.89174817847903,6235.666666666667
901,36.0,0.1145643462644437,814.0480842813938,9.2309116527115,7076.555555555556
126,36.0,0.1144941378020229,566.437571375014,9.164139042971968,5306.861111111111
781,36.0,0.11448996305332478,486.2080236652234,8.901623540129254,4534.444444444444
264,36.0,0.11445070434310281,725.1249811520391,8.885308298482743,6624.916666666667
594,36.0,0.11443589624523176,465.4649270877447,9.419006704691014,4274.777777777777
699,36.0,0.11440007897127775,894.8897353910281,8.36132933214083,7752.277777777777
379,36.0,0.11426974406132155,434.1948145284731,9.235326750249238,4075.5
790,36.0,0.11423946004479439,815.4159259771162,9.00776642544543,7566.916666666667
171,36.0,0.11420230912603183,783.3876016890439,7.587709970557427,7926.75
762,36.0,0.11419839144602567,454.0770334209394,9.428718287045141,4328.388888888889
824,36.0,0.11403889134249812,817.6122535661374,9.149938147550381,7380.638888888889
376,36.0,0.11403464292192823,827.9047546363914,8.486039928680794,8076.472222222223
304,36.0,0.11402746639170795,826.8101586973635,9.213648114951665,6715.75
1050,36.0,0.11401405540340243,770.5236395563908,9.764834847762286,7042.0
481,36.0,0.11398909057869949,589.9461437597171,8.964062026340825,5795.027777777777
832,36.0,0.11398800265913839,710.1934296391844,9.562043174019804,6682.583333333333
558,36.0,0.11396592821637479,370.2029771889618,9.409016041515152,3318.6666666666665
1042,36.0,0.1137187091497772,485.14071531055794,9.459596475794951,3965.9166666666665
411,36.0,0.11367122350575568,977.9792234124814,9.211925872892648,9514.5
294,36.0,0.11359739077897829,627.5224154698776,8.695696200304154,6275.833333333333
593,36.0,0.11357280936558417,974.4552420933601,8.585189080766117,9713.194444444445
714,36.0,0.11354260399862036,583.5369834683448,8.97234454033965,5333.361111111111
121,36.0,0.11353228680792614,464.90741811960913,9.777507824182734,4105.638888888889
346,36.0,0.11342735611871956,754.0658765807564,7.423285269059347,7501.0
372,36.0,0.11335113587691334,1013.8163214291272,7.606756906366301,9114.5
217,36.0,0.11331028990519826,561.1832622973249,8.883552070188532,4977.5
903,36.0,0.11320800960543115,1408.6522658562171,9.1364487465401,12018.777777777777
1006,36.0,0.11315581290932647,698.9302842411274,8.870838314191856,6784.972222222223
687,36.0,0.11312730359961323,968.4952848765964,7.942868839144587,9012.833333333334
133,36.0,0.11300325727579245,543.9492613260285,8.441754558127771,5774.333333333333
33,36.0,0.11299232015983232,924.6676101234119,8.851018589589241,8056.222222222223
432,36.0,0.11295738038813724,1000.8554651487167,7.717018194114729,11545.694444444445
360,36.0,0.11294574824548548,693.6644024305656,8.706493271608638,6884.083333333333
648,36.0,0.11288102460490644,651.8600041886722,8.57552596712292,6379.888888888889
897,36.0,0.1127764173590588,369.38410768782796,8.738135950680183,3227.0833333333335
331,36.0,0.11276047272762844,551.5092250997496,8.423525820471358,5614.861111111111
1100,36.0,0.11274156784490388,537.5519473992865,8.532371541638671,4952.055555555556
843,36.0,0.11270491766812517,1097.7927717960467,8.975130817989974,9549.444444444445
981,36.0,0.11268851860947063,700.8707934216549,8.405875021757254,7061.861111111111
620,36.0,0.11266754104042193,1009.1825914366518,9.553687049822473,8832.722222222223
559,36.0,0.1126412813232571,657.1393204975212,8.862995301541293,5825.472222222223
991,36.0,0.1126091805225227,649.7978769739924,8.802883590102017,5768.222222222223
1034,36.0,0.11259757589790821,618.6140853382842,9.239343558685519,6184.833333333333
189,36.0,0.11257589902571637,840.2219706440327,8.003251643108698,8357.111111111111
647,36.0,0.11255716505629393,698.407059739302,9.07111965803144,5930.916666666667
371,36.0,0.11231864485477255,724.8756449963994,9.088119707298583,6672.055555555556
1079,36.0,0.1123101118012946,864.2999816543153,8.989565759278422,8421.333333333334
91,36.0,0.11229918810437257,506.2997522010868,8.736849046958012,4673.305555555556
980,36.0,0.11225558566602918,649.9441522858206,9.017263313707401,6028.111111111111
70,36.0,0.11219881267796043,663.6937657337282,8.331783288604374,6692.5
921,36.0,0.11205197984573087,734.5259834341683,7.858684997286845,8304.25
508,36.0,0.11188929047176661,801.2152145008869,9.159336314859447,7275.472222222223
228,36.0,0.11185274467657685,805.3624547840228,7.26131441027573,8180.444444444444
296,36.0,0.11178305975020913,765.7795972867683,8.747374695895498,6938.805555555556
566,36.0,0.11166214376749097,568.6532827476769,8.890821637436487,5393.805555555556
303,36.0,0.1116197323038847,687.5700434583271,8.747694652943181,6117.222222222223
940,36.0,0.1115949252004459,798.7487532898895,9.043952261662096,7540.361111111111
440,36.0,0.11153312346919333,561.340920969075,8.453035816170688,5386.944444444444
150,36.0,0.11152295016622818,903.5171199075259,7.739127761642699,8841.0
187,36.0,0.11142777467447357,657.5630345327368,9.020916359104087,6255.083333333333
797,36.0,0.11140587985537397,557.5317190346011,9.39419756833127,5122.055555555556
38,36.0,0.11139743810946957,725.2790551339218,8.832342383158691,6084.333333333333
472,36.0,0.11133072789560979,591.9039327978361,9.200812873417114,5296.75
122,42.0,0.11113926308867872,916.3683467034716,8.851077713707268,8113.5952380952385
45,36.0,0.11112548042092686,598.0398072777106,9.178053547443715,5342.833333333333
521,36.0,0.11111104205872477,532.1627879687788,8.81162012697359,5239.5
451,36.0,0.11109742923594602,636.1192498033496,8.258216809620562,5714.527777777777
216,36.0,0.11109469227098953,744.5137500792173,8.345832702307721,6706.444444444444
272,36.0,0.11108853519039698,669.0474819425601,7.656565574411148,6170.722222222223
904,36.0,0.11105610633230084,604.6265333990577,8.4118845406149,5851.166666666667
112,36.0,0.11102047582017018,773.0702767798043,8.917310055382128,6434.5
971,36.0,0.1110045836336256,978.3244950728753,9.514730164905796,8788.861111111111
117,36.0,0.11094982282889027,375.79055959050373,8.525408940906592,3617.8333333333335
821,36.0,0.11088522177697932,801.7612765448848,8.500127892466928,6917.444444444444
460,36.0,0.11086998526951283,458.55048743192987,9.068671777151554,3875.8055555555557
709,36.0,0.11085802903650292,874.9407296379356,7.0088725479603164,10201.805555555555
1096,36.0,0.11084182454356045,659.7059030566668,8.363429207550494,5844.527777777777
835,36.0,0.11081932146190883,491.60897927448957,7.517817593879784,5337.361111111111
465,36.0,0.11079676244056903,830.1551752176165,8.379580830379997,8131.444444444444
413,36.0,0.11073067499209868,643.4431568769087,8.223432886579227,7115.027777777777
495,36.0,0.11067060348029745,529.3443569321395,8.921218120298947,5533.083333333333
118,36.0,0.1105159856298622,852.40507183052,8.694959074374871,8396.111111111111
23,36.0,0.11051521110182487,545.6703120634838,8.311402407924765,5456.583333333333
804,36.0,0.1105008876588132,576.7416253924453,9.545440818294532,5186.472222222223
110,36.0,0.11040269033759313,527.4137399951957,8.850922241556393,4785.416666666667
953,36.0,0.11038182956224322,461.5959507982241,7.868431408716342,5277.222222222223
592,36.0,0.11035959350005531,400.4505031640491,8.746565384703603,4221.638888888889
1015,36.0,0.11032582836078629,639.4439411102944,9.082615628656022,6176.416666666667
199,36.0,0.11026932097852778,837.8867149847729,8.998249991841673,8309.222222222223
197,36.0,0.11025231142557936,695.1246395285699,8.654187395773812,6723.333333333333
393,36.0,0.11024416061811793,601.2739516287502,8.251553084725897,5930.027777777777
276,36.0,0.11014580557925269,393.5597963423389,8.807078741781787,3635.6111111111113
814,36.0,0.11014223217533914,802.8081593322956,8.606593549774297,8446.166666666666
796,36.0,0.11012988263901154,730.034144338598,8.420887160192917,7520.055555555556
167,36.0,0.10989260006218526,806.9014100742036,7.47373548643825,9320.527777777777
606,36.0,0.10977398382247475,566.9854821008558,8.603172333487322,5632.472222222223
851,36.0,0.10975583925012466,560.9673184604796,9.354219841251227,5273.694444444444
1004,36.0,0.10970338221318067,554.5356320838135,8.455750314821275,5544.444444444444
772,36.0,0.10962185530905973,428.27603768041735,8.901805291088651,3975.527777777778
634,36.0,0.10957015271921579,605.1587575089596,8.384880881574476,6641.472222222223
872,36.0,0.10955317759389374,771.2725227637354,8.779201209707042,7341.833333333333
912,36.0,0.10945645586713429,608.992438985803,8.681249442881969,5828.0
712,36.0,0.10935758964059059,644.9470641983451,8.876989986980927,6045.75
777,36.0,0.10932401092271102,442.35632483998427,8.835493766066179,4500.722222222223
100,36.0,0.10931576980618384,861.8791452699871,8.581745629113383,8202.611111111111
467,36.0,0.10924650589000802,1308.2760557298614,7.797835532328413,13271.361111111111
89,36.0,0.10893273113808942,648.3463114873945,8.6708953191087,6185.916666666667
748,36.0,0.10884735882235941,587.2401540575032,7.651128703477271,5640.055555555556
861,36.0,0.10882726945201204,384.74830151776456,9.162135905813653,3900.5555555555557
128,36.0,0.10873356485800575,858.1094666541898,8.332946670379322,8481.388888888889
1010,36.0,0.10870927566542694,975.0624519199281,8.767588420516773,9494.75
1106,36.0,0.10863225883927624,505.1389003483593,7.937147721274846,5039.416666666667
937,36.0,0.10852432075939171,765.0799711162316,8.142459371410476,7541.916666666667
435,36.0,0.10851220015488242,358.3719377418035,8.553264857120634,2991.8611111111113
825,36.0,0.10847773331739517,589.5633660828624,8.557728965826637,5089.25
878,36.0,0.10828923295641048,742.7503327215868,7.489906254731617,8336.055555555555
870,36.0,0.10828360952490652,645.6642918156781,8.341017290348834,6881.861111111111
860,36.0,0.10810099633130053,681.2654626825928,8.503854759171098,6494.361111111111
143,36.0,0.10802834760522323,588.6942099421298,8.254354530109625,6320.083333333333
492,36.0,0.10793234657186762,775.0648886199479,7.533250881827171,7912.083333333333
306,36.0,0.10791366765212958,536.9527471769444,8.8306404316083,4697.361111111111
1083,36.0,0.10778683885617946,579.3103301367128,8.678739109044614,5735.138888888889
669,36.0,0.10773760312727054,535.2013794496432,8.446092193033943,5044.111111111111
650,36.0,0.1076820298235041,633.2828552184775,8.414291172262207,6349.0
434,36.0,0.10760149719691794,1011.8083156235786,8.480763290840105,10212.833333333334
893,36.0,0.10760109210749073,628.7823592521984,7.447075694491762,6272.194444444444
721,36.0,0.1074301553714615,794.5028098406641,8.397390091021274,7701.944444444444
186,36.0,0.10737960747636495,397.09088074007315,9.02673868547111,3985.277777777778
999,36.0,0.1073575482477651,1004.8779104354883,8.457890772923054,9092.888888888889
257,36.0,0.1073159304350743,568.4680297470705,9.130820434783764,4975.583333333333
394,36.0,0.10728434740026216,938.9029984855748,8.231048093370205,8716.833333333334
239,36.0,0.10722491435748013,528.1882676683712,8.074064780816448,5212.166666666667
555,36.0,0.10719403797068427,512.8507241467416,8.794206910095708,4858.416666666667
496,36.0,0.1070185289863858,747.6107003978603,7.986303790527495,7646.972222222223
859,36.0,0.10699128671195383,830.9791007190627,9.05775273723938,7944.555555555556
426,36.0,0.10685410293970635,495.575776779531,8.103853989091286,4843.416666666667
677,36.0,0.10685009843053414,725.8916092868391,8.693881589078158,7004.555555555556
443,36.0,0.10670975651443393,534.1207100348311,9.380351700988546,5175.083333333333
474,36.0,0.10661356099288495,712.1607545781436,8.773897380965758,7275.972222222223
249,36.0,0.10659095297126828,548.2555065405303,8.782113041165301,5394.916666666667
439,36.0,0.10656990187124744,645.1131075371255,6.969709018014603,6879.777777777777
765,36.0,0.10651564319742436,941.5365223219752,8.293151914733114,8769.444444444445
130,36.0,0.10645056438090056,540.7531863443029,8.538608667474932,5248.611111111111
319,36.0,0.1063276892305012,721.3676204504416,8.783740674489184,7393.722222222223
348,36.0,0.10623104072309461,968.2435768360249,8.108973849555642,9095.888888888889
887,36.0,0.10622925197937022,639.1378209079489,7.6320731476739265,6926.75
161,36.0,0.10620951411052372,740.2616137604733,8.006817013786668,7223.138888888889
549,36.0,0.10618446230787179,478.65304925266173,8.80450797411489,4768.861111111111
295,36.0,0.10616795365838792,663.1706510240946,9.272180225681641,6139.583333333333
82,36.0,0.10613286635274183,997.5100326562101,8.284793187728507,8957.694444444445
190,36.0,0.10610858398050743,816.5766363305162,8.127200139189311,7863.444444444444
1020,36.0,0.10609632842431012,893.6163939543858,7.615484798537336,8611.055555555555
240,36.0,0.10608751353369268,469.48036708637756,7.944135584133,4767.444444444444
341,36.0,0.10607363406590489,600.2599598999542,8.490990841334387,5571.277777777777
731,36.0,0.10607048290053278,934.8830680782776,7.886008449073066,8857.305555555555
284,36.0,0.10596296618482412,595.1512580701457,8.049044942632595,5496.888888888889
477,36.0,0.10591715200464576,731.3016705794888,8.63497473396697,6520.0
65,36.0,0.10585897266083821,439.36315576869924,7.491429409920984,5095.611111111111
808,36.0,0.10573809485785612,792.9492810398996,8.417328630425628,7540.416666666667
140,36.0,0.10554643623108974,752.3920704626368,7.602336980338223,7519.444444444444
734,36.0,0.10553283309776627,493.9477314841159,8.864404962356305,5103.5
222,36.0,0.10547536413189096,540.0111314278051,8.125923589794432,4904.444444444444
66,36.0,0.10540227214712483,634.6305393982062,8.614017590867077,6354.027777777777
626,36.0,0.10533372332077821,946.8341277155234,8.290210935300859,9312.833333333334
39,36.0,0.10511275801198901,530.8347198876854,8.256113385168023,4716.527777777777
1000,36.0,0.10508772156342658,693.7901542750485,7.868375615638082,7088.527777777777
740,36.0,0.10508198481790743,832.4316469358344,8.959928457622773,7846.777777777777
389,36.0,0.1050405907763704,988.9707444295565,8.119542105268456,11026.055555555555
490,36.0,0.10503723744727046,816.8867923032303,7.864896389268548,8121.444444444444
312,36.0,0.10493691109993099,574.4215948195473,9.02907875563918,5510.111111111111
145,36.0,0.10490756845193772,781.502581031936,8.240645916098368,7915.361111111111
333,36.0,0.10481609264346105,960.7727441082101,7.582320549735674,10068.888888888889
1017,36.0,0.10481165395366045,573.2848881550316,7.882227311483067,6290.777777777777
1026,36.0,0.10476616604482904,899.52676100333,7.983523914270764,9133.944444444445
674,36.0,0.10473125336452209,698.8492035843452,7.463747843681635,7792.083333333333
624,36.0,0.10472847072111781,648.2259381772567,8.337135127166363,6706.111111111111
3,36.0,0.10472396452060254,752.9491891734084,8.145337549279425,6836.555555555556
556,36.0,0.10470704779208805,671.2339000563611,7.9547672983327935,7094.944444444444
237,36.0,0.1047035613976385,472.79776208755396,8.062549530667582,4638.0
1061,36.0,0.10465064682170933,863.0081174601127,8.322470735522808,8327.472222222223
515,36.0,0.10463030360180847,834.2086319467904,7.92577787836291,8974.25
815,36.0,0.10455048856776154,681.7317059815113,8.359630241445752,6335.916666666667
1038,36.0,0.10451902015326678,587.0388602357401,8.35708628014526,5782.055555555556
175,36.0,0.1044515336394761,655.2984596625655,8.405835883308061,6153.111111111111
224,36.0,0.10440877012149105,827.5537801154949,7.703416261534037,7619.305555555556
700,36.0,0.10440601286937534,460.4795105742341,8.26596176568531,4592.694444444444
1035,36.0,0.10438837076286896,411.66021540754593,8.28137365824305,4722.972222222223
246,36.0,0.10436389835785768,760.4321268331759,8.029979290246045,7205.388888888889
635,36.0,0.10407102061005298,492.1440394639971,7.546754120932729,5873.222222222223
446,36.0,0.10401755752884974,506.64443914212444,9.13075575511334,4545.027777777777
621,36.0,0.10400259733826714,616.6184635395683,7.947401126033935,5893.527777777777
141,36.0,0.10399658794739809,532.0727834252596,8.257075086039261,5535.083333333333
838,36.0,0.10396037897009032,781.4576129994493,8.17204743153114,8361.083333333334
497,36.0,0.10394333380533502,883.8118036738634,7.794580980174111,8728.083333333334
613,36.0,0.10390085384554995,615.1056785761735,8.049952511761473,6085.583333333333
20,36.0,0.10386232169912679,812.7474066433886,8.004938517372256,8532.5
241,36.0,0.10382961235477589,684.6814850838217,7.74875178725452,6454.833333333333
747,36.0,0.10379811142520569,726.6187269449713,7.152369362330571,8023.611111111111
895,36.0,0.10378032033776363,1104.8257699911428,8.746460849485727,10246.555555555555
373,36.0,0.10377573252370154,490.9049865796522,8.15111853206711,4659.583333333333
69,36.0,0.10374885024588355,965.2342855017222,7.596266515065913,9198.972222222223
596,36.0,0.10358563064264831,523.9656002696029,8.56553654192706,5011.166666666667
914,36.0,0.10343056031442051,853.0515566962397,7.804530159453926,9261.694444444445
363,36.0,0.10340637048951522,708.043024954392,7.435868270660745,7409.666666666667
1091,36.0,0.10340106332224158,917.2371513377191,8.820925424578864,8725.277777777777
595,36.0,0.10335731404812185,1301.313355049263,8.280959081414974,14085.277777777777
386,36.0,0.10333056263534936,780.5713033319558,7.622272769383569,7065.861111111111
936,36.0,0.10332973513696031,731.7242622928932,7.5121665620969305,6446.583333333333
263,36.0,0.10332032717220062,496.98265955443424,8.610151765038268,4403.833333333333
934,36.0,0.10325556478298097,786.1299732249246,7.669623704767002,6659.75
888,36.0,0.10322956421903144,837.996738918627,8.039894479041756,8908.833333333334
1007,36.0,0.10319755372717217,708.038679196802,8.601961067123895,7318.694444444444
487,36.0,0.10316353144404745,735.4132269542407,7.990948050445396,7248.416666666667
885,36.0,0.10306095727850761,586.7993595854446,7.9022231492836115,5758.694444444444
1008,36.0,0.10303874269993199,534.4787945685928,7.9346643979217895,5647.361111111111
1102,36.0,0.10301854372707779,660.6914017712868,8.632247740009737,6850.138888888889
955,36.0,0.10278307331903701,472.00363676498546,7.326536251591734,4953.527777777777
1077,36.0,0.10278030371089591,393.94224012766665,8.094409782414932,4312.25
1009,36.0,0.10273708532970754,475.2123939556246,8.494206967273286,4891.777777777777
943,36.0,0.10268738391907281,702.0301084966856,8.760238445024822,7106.166666666667
144,36.0,0.10266614166126381,755.3691816483671,8.264095744502654,7476.583333333333
778,36.0,0.1025988516527608,600.1522896768303,7.617329933011703,5696.138888888889
87,36.0,0.10259653478661866,587.8012330717115,9.017260152565717,5797.944444444444
906,36.0,0.10259562216587452,1028.468572942253,8.675844804034636,10588.0
180,36.0,0.10257978165689398,711.9935815398742,8.193998040581372,7262.833333333333
192,36.0,0.10257801865781796,1257.343888480662,7.417296642918762,13048.833333333334
935,36.0,0.10253869934177054,591.0020962152103,7.921929480079751,5922.777777777777
250,36.0,0.10248051334202314,833.2864203532386,7.828727270204001,8858.972222222223
75,36.0,0.10247785320631547,651.0468686017011,8.881134302582275,6421.722222222223
1092,36.0,0.1024562363871482,1295.8174394683315,6.914895684732973,12497.805555555555
783,36.0,0.10239568086018207,699.0188170714117,7.111513325942753,6965.861111111111
132,36.0,0.10237065070304627,744.6596052607402,8.040678716314506,7541.25
741,36.0,0.10236413467280907,868.4656223333834,7.918584769461036,8294.083333333334
752,36.0,0.10232595705163881,469.34672507014415,8.804546889689242,5026.722222222223
18,36.0,0.10223734796256084,682.5543922515309,7.587327591257694,6938.666666666667
115,36.0,0.1021659421717579,772.595996650645,7.8011161983498685,8175.805555555556
313,36.0,0.10215233738526897,718.0305437790952,8.216527601940028,7032.527777777777
493,36.0,0.1020964558528299,978.3108027714239,7.935966387389133,8783.527777777777
864,36.0,0.10208940443636355,407.7797911510426,6.896282364897094,4481.75
109,36.0,0.10200417842341426,697.0719430538583,8.44108744497724,6548.972222222223
884,36.0,0.1020001925718939,638.2173438010033,8.236953055903108,6198.472222222223
658,36.0,0.10190373586777521,532.4641623301952,8.052368559825227,5677.777777777777
1104,36.0,0.1018871699632023,537.9860621540175,8.459704444549532,5556.722222222223
499,36.0,0.10187482994279279,581.9973668521696,8.768338098252373,5566.027777777777
7,36.0,0.1018044717170136,1046.3757560814145,7.943046023011004,9874.861111111111
646,36.0,0.10177130160992352,480.63371615129165,7.714356728681823,5078.333333333333
103,36.0,0.10176465020017905,462.9918293541274,8.088738699271577,4698.166666666667
195,36.0,0.10163746657888842,1108.9260850471248,7.65156401475137,10534.666666666666
1046,36.0,0.1015590205413418,847.5931512487588,8.222546231307213,9005.055555555555
147,36.0,0.10152740256704496,791.1743937606313,7.260523780438054,8056.0
11,36.0,0.10152182273578046,712.7481932344875,7.561053630698184,7392.916666666667
694,36.0,0.10150682998331309,877.8708280846695,7.730669897277958,8440.861111111111
1068,36.0,0.10139324322924119,508.9346487772252,7.601512615253708,4644.055555555556
452,36.0,0.1013899406276624,507.16777352934434,8.116671088882518,4825.194444444444
202,36.0,0.1013777974145758,671.0583466303804,7.600392229907879,6537.194444444444
528,36.0,0.10130519127135085,1077.1005495454203,7.947055515752817,10562.027777777777
162,36.0,0.10129060284683167,762.2761578180246,7.508245219526172,7879.194444444444
156,36.0,0.10119135178998274,597.5544852915706,8.576451542136464,6553.75
482,36.0,0.10115247894764307,754.5074306417417,8.048798183379365,7657.472222222223
764,36.0,0.1011309014421544,390.7961560998007,8.858449266982417,3991.8333333333335
729,36.0,0.10112482386749194,958.0912528940612,7.028210316283056,10630.833333333334
538,36.0,0.10106968009956487,391.00529749030704,8.414535095931846,3902.8055555555557
471,36.0,0.10099788228924805,733.8857195983484,7.90357458200832,7081.916666666667
1018,36.0,0.1009709346144426,1083.3426301458646,8.166831393999713,11088.166666666666
643,36.0,0.10094695167711668,852.3281688472928,7.594356447062911,7775.305555555556
581,36.0,0.10090115079267122,548.41108930266,8.69641033940904,4997.194444444444
616,36.0,0.10083476608319052,751.8818310353149,8.137149903523817,7984.944444444444
504,36.0,0.10065971977405891,736.4904125981047,8.31185133022376,6862.638888888889
98,36.0,0.10065731617260863,621.9530381550958,8.035345684191814,5611.972222222223
993,36.0,0.10059010278559227,691.6150307486937,7.863712870227251,7601.083333333333
415,36.0,0.10043435355562826,595.5741324049202,7.758323734432516,6430.388888888889
182,36.0,0.10035101526728148,581.0027849350588,8.496605386306667,5544.805555555556
374,36.0,0.10027381936102596,683.8810210695301,8.182117246846571,7078.916666666667
354,36.0,0.10025449202771426,813.5518396122874,7.480604090380644,8339.944444444445
1059,36.0,0.10020597259996582,815.923675118756,7.371471504162347,8748.416666666666
403,36.0,0.10019480301225751,772.997744359581,7.4559132380450945,7543.472222222223
766,36.0,0.0999618288018747,674.9568803282933,8.319377980409124,6805.944444444444
531,36.0,0.09990479639202514,484.53758849754036,8.23255680593578,5058.805555555556
857,36.0,0.09986157053168528,861.213333782212,8.472018023229571,8346.888888888889
599,36.0,0.09983272687537667,961.2040754502517,7.144478404585327,9840.75
194,36.0,0.09980934816493525,480.37573927108974,8.089233714401106,5073.722222222223
944,36.0,0.09977244594438185,714.1682694499167,8.03121623098899,7169.333333333333
568,36.0,0.09971482321614542,495.8341340209366,7.504755186286618,5336.222222222223
873,36.0,0.0997082675319667,368.8319729185955,8.664578917980904,3619.1111111111113
590,36.0,0.09968645777414202,513.8573439286015,8.331374541145355,5310.833333333333
738,36.0,0.09967042080402129,869.7195090042453,7.910564445618913,8634.5
201,36.0,0.09956328125786629,553.218099869277,8.261900032104958,5465.5
44,36.0,0.09954989021054272,470.6834727892938,7.810791028919758,5116.138888888889
902,36.0,0.09939411449157409,402.67522012170747,8.417560612235214,3983.3333333333335
989,36.0,0.09935131093012224,519.396817139229,7.579241636488107,5396.5
1103,36.0,0.09935044382287603,600.8771828072062,8.491421664657196,5876.722222222223
728,36.0,0.09926199130523379,534.3016814821926,8.053540947158822,5456.5
79,36.0,0.09925495424542244,540.3870941269596,8.400603187704174,5757.333333333333
598,36.0,0.0992029161436552,573.9509481834043,7.5508145184689015,5710.361111111111
316,36.0,0.09918162446627256,942.0115146321307,6.847438178730819,10042.055555555555
745,36.0,0.09916858213015822,738.8080746468838,8.08306939014771,7397.805555555556
868,36.0,0.09899991172557503,893.6551427119879,8.07479168042147,9823.555555555555
1049,36.0,0.09897943966191218,405.16508268411565,7.436001823697999,3784.972222222222
659,36.0,0.09890773336563327,532.276539550732,7.328821796355169,5366.944444444444
1054,36.0,0.09883172786737637,580.2194448716159,7.643975510010508,6279.916666666667
314,36.0,0.0988293719582432,455.7592496459234,7.817778343655106,4888.111111111111
500,36.0,0.09882552972170323,624.5978838000921,8.194247016884928,6383.222222222223
1055,36.0,0.09873857839783622,687.27718997795,8.159628757752518,7545.277777777777
408,36.0,0.09869419520427483,522.9802461245948,8.468579451396142,5073.194444444444
1052,36.0,0.09852425877479155,618.6850450274811,7.175060551726771,6957.25
204,36.0,0.09849835393402476,576.808894976125,7.368609537584911,5793.194444444444
529,36.0,0.098489601811631,816.4876242779245,7.341711615723763,8238.138888888889
1084,36.0,0.09837980561632764,660.2304271952182,7.111235739842297,6238.916666666667
565,36.0,0.09837662778039385,592.3410257131956,6.970820472329745,6431.888888888889
578,42.0,0.09836761046423774,1110.3425228582262,7.670299870653345,10303.047619047618
196,36.0,0.0982433415085433,532.2490004107109,8.02066097180927,5219.583333333333
8,36.0,0.09823670967649546,596.8698892800367,7.756923883669943,6355.194444444444
609,36.0,0.0982349553046075,516.0336463123159,8.23875217719187,4758.222222222223
54,36.0,0.09821585100725838,733.4575151244695,7.476493915775376,7772.444444444444
32,36.0,0.0981593905955624,440.1888760865311,7.627658902209991,4286.333333333333
214,36.0,0.09800458676779333,910.1901489332672,7.532509996730358,9215.444444444445
960,36.0,0.09795631235734546,694.6726838244007,8.037921681986514,7061.444444444444
365,36.0,0.0979435675604711,495.54130184466163,7.6115430700086435,5661.944444444444
71,36.0,0.09794262572043999,874.6047529445437,6.665538806998042,8739.694444444445
6,36.0,0.09791131887025446,453.0788034840988,8.13096547729219,4456.833333333333
165,36.0,0.09766592162251048,395.1462056232269,7.695604267609439,3905.972222222222
969,36.0,0.09766134523758811,410.51953595175866,8.132639829695169,4028.9166666666665
615,36.0,0.09762514750008015,866.9998128632955,7.091603047191142,9175.222222222223
968,36.0,0.09752734386326153,685.8605024720642,7.770614922741122,7276.5
334,36.0,0.09738237403805038,464.97358019027723,7.795247516836756,5024.166666666667
725,36.0,0.09724726628119787,554.9029269421683,8.020072786831895,5869.083333333333
651,36.0,0.0972221248792062,713.3117010488113,7.369712257362646,7212.583333333333
211,36.0,0.09713502675819259,1145.2966240692674,6.675104192962923,13691.611111111111
1087,36.0,0.09706961234582942,632.9084136283608,8.171706383240112,6617.083333333333
866,36.0,0.09704176726130118,636.1385985489374,7.852245877071275,6937.25
233,36.0,0.09702762451444828,894.5092412173926,7.534556551907556,9843.055555555555
277,36.0,0.09691202825359743,547.8971349540758,7.3516356187115255,6170.861111111111
1067,36.0,0.0968913817463993,610.9853572372422,7.242341490084643,6204.166666666667
819,36.0,0.0967171916896565,541.7272780563108,8.096171489944183,5881.444444444444
883,36.0,0.0966847868973442,423.93985599588603,7.9440082125961915,4469.138888888889
723,36.0,0.09660656871586584,753.5531568537075,7.887926789587479,8132.611111111111
672,36.0,0.09649779712444478,796.4181235577244,7.7267382577983,8401.5
357,36.0,0.09649246122859924,711.3012766203703,6.8722536149442774,8035.972222222223
352,36.0,0.09641602775489108,623.095834723936,7.814853232866597,6748.194444444444
574,36.0,0.09636212395075985,914.658423504101,7.677217028067786,9367.805555555555
459,36.0,0.09631149725619094,841.7910052473322,7.442610089232088,9143.472222222223
946,36.0,0.09623836513950815,411.54215334820555,7.632515247822988,4291.388888888889
356,36.0,0.09623431947514291,607.4697718658329,8.38367696117045,6490.694444444444
631,36.0,0.09620594603142849,491.96077406056366,7.858994495919366,5590.583333333333
760,36.0,0.09609730324366228,810.0096786264266,7.5004542268828525,8179.888888888889
362,36.0,0.09608450160128798,853.5367906979035,7.53689292590393,9449.222222222223
637,36.0,0.09599943525669662,849.5725674688118,7.091787117423341,9256.361111111111
111,36.0,0.09579327735823308,603.5106303865339,7.5866551383414995,6841.138888888889
533,36.0,0.09577698540151984,1079.9769505773672,7.722130818248396,10785.444444444445
191,36.0,0.09573801929555673,704.6108801273593,7.444017564489247,6906.416666666667
640,36.0,0.09572054798132025,1095.1522155529108,7.1118427807241185,11767.694444444445
436,36.0,0.09571754209620682,507.8967550231718,7.3935422309546475,5445.0
323,36.0,0.09567808873598146,721.5068125249466,7.66001092916069,7677.916666666667
64,36.0,0.09564849834182551,1075.368859769377,7.426846299149682,11195.638888888889
1040,36.0,0.09560530898717944,802.0743838205365,7.709334032119192,8488.638888888889
193,36.0,0.09555403202157911,541.5973593635024,8.205389512688521,5330.972222222223
108,36.0,0.0955185805737373,1100.5158542931415,7.418478674699886,12314.305555555555
525,36.0,0.0954833326217849,869.310466245204,7.6410856914129,9374.777777777777
364,36.0,0.0953975978146396,489.7882849494005,7.708725864553561,5284.166666666667
484,36.0,0.09531679618221944,783.0317634854271,7.630289984111821,7847.305555555556
85,42.0,0.09531568674521267,705.5027848593854,8.2185171471924,7395.238095238095
789,36.0,0.09531374978642958,383.1801785206054,7.642115373515996,3836.9444444444443
375,36.0,0.09525253549898512,832.2948152959926,7.681216989529109,9169.277777777777
5,36.0,0.09492780844191441,437.32449409530346,7.8564880249558335,4477.611111111111
959,36.0,0.09480460132814447,614.7556069501459,7.549017071442199,7133.055555555556
874,36.0,0.09480142821859464,480.938311688639,8.417387257284695,4877.777777777777
326,36.0,0.09472055893825028,507.62803932174756,7.892739011624629,5546.333333333333
769,42.0,0.09461931419328312,1256.5100667763156,7.724460752288434,12148.357142857143
151,36.0,0.09455851731883035,691.0361611173165,7.353720356913357,7111.833333333333
1072,36.0,0.09450493675751151,623.3949417526369,7.452455597632794,6994.194444444444
25,36.0,0.09448646158092733,967.1367189154075,7.461101663659045,10388.694444444445
227,36.0,0.09438609114296323,513.1797676967619,7.0584050082588625,6108.222222222223
806,36.0,0.09425105370720824,644.1354147712436,7.882693786613151,6752.972222222223
919,36.0,0.0942413919502866,483.32118787464697,7.098427738008965,5589.472222222223
353,42.0,0.09422381168776121,580.5349024249405,6.567019997933688,6771.166666666667
95,36.0,0.09421448649075707,599.9030082001101,6.936865235862862,6853.916666666667
922,36.0,0.09419121722992717,706.1777374239393,7.523487667034592,7428.833333333333
157,36.0,0.09417833139140284,872.1385308180502,7.03842102784606,9784.222222222223
359,36.0,0.09417551108573742,633.6654351826866,7.676714624907417,6655.388888888889
1022,36.0,0.09416589474498951,578.3832661350269,7.369460371192324,7034.583333333333
81,36.0,0.09410395647725846,759.0468530107667,7.6871271240209555,7593.527777777777
756,36.0,0.09410174073838809,1351.1741100336271,6.995858867553426,15825.833333333334
622,36.0,0.09405273849504035,417.67414920092136,7.581130541653444,4492.611111111111
422,36.0,0.09399265029412443,406.42209901557334,7.640421540752474,4365.25
837,36.0,0.09390633705934646,382.53524994293593,8.400851150966464,3968.9444444444443
1071,36.0,0.09384905797957281,572.3335139202632,7.592825041479184,6017.361111111111
652,36.0,0.09375334579628113,573.3265410846526,7.144525443478742,6802.444444444444
826,36.0,0.09365037572178753,766.2392134009249,7.256352754862429,8677.722222222223
689,36.0,0.09355346671709541,633.0577493569041,8.111082050111266,6572.722222222223
758,36.0,0.09334498494116478,452.26381823186483,7.356884973971255,4911.027777777777
49,36.0,0.0933225781642898,704.8632512466334,7.1715668101083665,7777.694444444444
706,36.0,0.09329791225262678,503.2209728612473,7.7529480849430845,5796.583333333333
920,36.0,0.09327476646784454,605.7149845612354,7.514973237360179,6293.138888888889
1064,36.0,0.09326880146739133,853.1573805391281,7.10124887105574,9565.194444444445
255,36.0,0.09320886417534817,579.9746362310432,6.4776770191567286,6329.666666666667
896,36.0,0.09316103239275447,677.5709218898019,7.577106132888402,7204.416666666667
14,36.0,0.09313618342698719,563.6999104467297,7.852508277133071,5341.194444444444
94,36.0,0.09312541831251019,621.6340664972099,7.462979270854481,7308.666666666667
336,36.0,0.09308009432651773,1005.545788417258,6.052796836990493,13319.555555555555
929,36.0,0.09301183705264553,520.4604423015818,7.618911062628947,5869.944444444444
414,36.0,0.09284690014808741,647.6035896980954,7.889923787584138,6835.944444444444
485,36.0,0.09282120922087471,507.559535018179,7.619583375493791,5424.444444444444
763,36.0,0.09276671598311578,570.4576328470182,7.272817839280185,6186.388888888889
792,36.0,0.09276281160033507,552.18607912493,6.874740072424451,6855.611111111111
794,36.0,0.0926552550170623,301.8279291314697,7.706848084329552,3268.027777777778
205,36.0,0.09259680352994257,616.563718968922,7.470565763321087,6458.527777777777
671,36.0,0.092439346851251,683.9666007731329,7.137239316539418,7034.75
355,36.0,0.09237953560480179,957.0945782837476,7.718037393090362,9252.833333333334
273,36.0,0.09236979621676056,655.213018260928,7.272067283985212,7577.0
813,36.0,0.09230379164763357,580.4675620465856,7.217064902834876,6000.305555555556
564,36.0,0.09229158169690384,536.8891492286186,7.226487869687539,5919.583333333333
673,36.0,0.09224554364920097,687.0995522114918,7.307294686140723,8091.805555555556
1024,36.0,0.09201689946681929,520.3611095790998,7.734123194484377,6010.527777777777
447,36.0,0.09195803727806831,501.0738002482407,7.28396285645661,5366.138888888889
221,36.0,0.09192056219497415,583.6769557331102,7.361448436086238,6279.722222222223
811,36.0,0.09190698465077678,384.82511622636673,7.870357625980788,4189.555555555556
544,36.0,0.09186700980632413,1081.275024992145,6.7253073046271465,12797.166666666666
369,36.0,0.09172493921967918,598.9666490181844,7.363476931711732,6545.361111111111
810,36.0,0.09171539326226391,514.0989896745182,7.108081553299845,5861.805555555556
610,36.0,0.0915672339500979,346.75482968173833,7.397254287745879,3980.4166666666665
287,36.0,0.09155735171435465,760.1872964518374,7.109108495534184,8368.694444444445
911,36.0,0.09155335928322046,865.5550373158792,7.47670574039591,9857.805555555555
638,36.0,0.0914678858936032,551.2402364865934,6.909242345143383,6199.583333333333
349,36.0,0.09142737236307943,794.4301349503206,7.310023509743536,8603.027777777777
882,36.0,0.09139104235316242,549.6370951515528,6.956422777089205,6093.222222222223
755,36.0,0.09129606512002308,962.3315411502015,7.297744471962118,10683.861111111111
799,36.0,0.0912828936170065,975.0835016610336,6.858516615748754,9686.861111111111
990,36.0,0.0912470833013438,579.3432332867708,7.459811031326518,6373.472222222223
1098,36.0,0.09114471975843563,421.613748099167,7.541240874214569,5061.75
545,36.0,0.09100610028701238,843.5366597157615,6.654147666431015,10834.083333333334
4,36.0,0.09081214769060096,912.2201324433889,7.095047803323963,9991.444444444445
773,36.0,0.09060894282088446,456.2506670701648,7.22874392482526,5176.916666666667
511,36.0,0.09059129188154703,526.1906538725694,7.649365661906907,5819.0
154,36.0,0.09055682166195006,807.0909885311888,7.002913216428676,8951.388888888889
966,36.0,0.0904979837874913,416.0120395723231,7.629224835700536,4633.583333333333
720,36.0,0.09043292752459273,629.5328984124311,7.551596822995579,7288.222222222223
1053,36.0,0.09040014836730026,745.827241143533,6.19522098756902,8359.25
506,36.0,0.09038585638086964,701.1195538139541,7.356849797420223,7021.166666666667
653,36.0,0.09009331685947804,508.3385660631848,6.873365777303203,5778.305555555556
480,36.0,0.09008955146847257,447.6532920591003,6.611806905062491,4670.583333333333
261,36.0,0.09007320628576285,974.1412380402139,6.874749214600789,11441.25
618,36.0,0.08964441798302406,655.1485883762729,7.077122605079522,7507.916666666667
450,36.0,0.08958334020897765,835.1613786215968,7.281222887317027,9284.222222222223
1041,36.0,0.0894815099669946,573.5054165804023,6.708641940208852,6224.083333333333
995,36.0,0.08924027194713709,832.3282356321158,7.474438813060304,9369.694444444445
491,36.0,0.08915138566285992,580.0813659481203,7.0381499954560764,6963.972222222223
146,36.0,0.0890957470168767,697.5761006213598,7.102035007767203,8070.694444444444
679,36.0,0.08896376503350412,787.1073168973569,6.269806891118675,9697.583333333334
48,36.0,0.08895526679607771,300.74016066815346,7.422926584655021,3363.777777777778
546,36.0,0.08895473798440318,1274.7183787075112,7.113956124260887,14575.25
464,36.0,0.08895414784970303,994.4379594825247,7.033170041162245,10720.444444444445
309,36.0,0.08894760597202982,538.2052831538763,6.865957690879459,6673.75
36,36.0,0.0887190933208854,925.2526447704865,7.117973699350146,10130.333333333334
34,36.0,0.08829811747666903,695.6166021644141,6.890268507870141,8366.527777777777
875,36.0,0.088251823341531,371.3125944285082,6.885578554151604,4778.25
600,36.0,0.0880500827628722,648.0328498458802,7.494147025478297,7523.5
390,36.0,0.0880366196578171,992.8449375530528,7.3254402447877744,11755.361111111111
423,42.0,0.08792825822790107,1175.6821193281046,6.632006241939184,12010.142857142857
358,36.0,0.0879149010459596,793.4858904564817,6.254303655328542,9773.888888888889
1033,36.0,0.0878322419403768,1044.7378707915088,6.086572925106923,13649.444444444445
382,36.0,0.08775820943832423,674.3704585265732,6.964587709024399,7796.333333333333
172,36.0,0.08772036994200354,597.3297365523993,6.526148053767282,6994.472222222223
168,36.0,0.08749227067648854,652.0129096474025,6.421941252541888,7714.388888888889
252,36.0,0.08733209094388726,830.2368311482318,6.152584717285422,10346.0
667,36.0,0.08728024428196121,701.0712901585006,6.765450263540772,8636.472222222223
142,36.0,0.08716864325627428,375.8973048695896,6.992854359351893,4329.972222222223
1025,36.0,0.08713915076827367,644.9429113726778,6.948730994273132,7520.5
569,36.0,0.08687916666082682,396.50698359004934,6.647671371785896,4468.916666666667
282,36.0,0.08674926119596031,383.3116608064137,7.474396766815445,4447.527777777777
337,36.0,0.08653848980202927,477.05135917025603,7.1751161603693605,5457.611111111111
892,36.0,0.0864995413948937,607.4918179931561,6.991823042385474,7259.138888888889
404,36.0,0.08641261457444603,431.9001070742862,6.453024333699956,5164.25
889,36.0,0.08634133602294457,335.7924592777469,7.219059981984345,4111.166666666667
1080,36.0,0.08632774749691732,964.0826323170902,6.603034119476718,10868.472222222223
974,36.0,0.08626542638247703,1032.9168655070455,6.599888160898831,12162.305555555555
670,36.0,0.08625446538952332,609.8838393279077,7.244434941432118,6709.722222222223
727,36.0,0.08612840531256068,424.88731243002104,7.180939993012478,4683.972222222223
744,36.0,0.08607324090085504,719.3765946907035,7.3102190480302625,7766.444444444444
178,36.0,0.08607124981152983,812.7161972186603,6.5089691457347225,9959.805555555555
664,36.0,0.08593508745085901,438.72286404635054,7.094450040333398,5175.805555555556
998,36.0,0.0859120554638911,385.3157166062368,6.967861368031501,4588.555555555556
588,36.0,0.08578423373698912,511.99857738792264,6.341431092588596,6378.111111111111
950,36.0,0.08574846709488855,504.5020414953339,7.163249268357452,5874.0
119,36.0,0.08561373889670085,473.176405925499,6.911609470651911,5913.5
297,36.0,0.08551590952031862,646.0097688798135,7.391621105003653,7171.722222222223
152,36.0,0.08544661991198205,433.18852966393945,6.6677701988277205,5405.194444444444
855,36.0,0.0854188217035491,552.5492004716125,6.906629543753949,6071.111111111111
807,36.0,0.08531198717780013,812.9317225228649,6.712736216474596,9979.166666666666
107,36.0,0.08528859053322074,668.9762660453214,6.635747055497313,7691.194444444444
726,36.0,0.08523488146295029,862.644692537431,6.970255007645718,10849.555555555555
320,36.0,0.08521374287824682,1170.1832195000425,6.7328352330047245,14701.888888888889
787,36.0,0.08515967804857329,866.6714482587254,6.834181438939541,10196.916666666666
31,36.0,0.08503332521531722,483.46957918673127,6.9025027056797414,5750.833333333333
945,36.0,0.08482468778324952,362.27669338605637,7.435147521681965,4299.222222222223
274,42.0,0.08441692414692695,527.3462621670304,6.850253147864114,5898.880952380952
73,36.0,0.08427634626932752,402.1033609169137,7.1877259019357735,4578.222222222223
858,36.0,0.08408248279243115,420.92449360327527,7.112891938904266,5151.583333333333
949,36.0,0.08384551553253958,420.8323003822174,6.7707773407605645,5319.277777777777
742,36.0,0.08373996442513476,618.0169804041078,5.477354979808091,8068.75
827,36.0,0.08325927355952545,1380.4945186090656,6.676290110701226,15681.166666666666
229,36.0,0.08324833386102248,724.080639645804,6.645998489065924,8967.694444444445
771,36.0,0.08321259475501072,625.5170323611063,6.573910342437493,6961.944444444444
1089,36.0,0.08299422062079538,815.2377996842423,6.098805122034618,10329.75
513,36.0,0.08271096029220652,1216.5013069391377,5.678142519056876,16144.388888888889
494,42.0,0.08246343727403455,558.0177028535111,6.416508017298586,7593.190476190476
148,36.0,0.08229448630917811,707.9718981226833,6.273782034372085,8777.5
735,36.0,0.08226218467983186,409.5652168517534,6.808003084097562,5344.611111111111
160,36.0,0.08209201759408229,435.40791872949245,6.28871260897861,5598.277777777777
388,36.0,0.08176350892197443,785.9715306376962,6.348558557008784,9888.0
923,36.0,0.08162697742821796,406.74974747883203,6.023020758681422,5344.833333333333
880,36.0,0.08141582732637911,709.5722884985856,6.702020162389792,8150.888888888889
856,36.0,0.08131244081768167,587.5703108137008,6.4403554803994245,7291.944444444444
938,36.0,0.08101997192635518,775.2999152270703,6.972318925539995,9566.972222222223
311,36.0,0.08074925252653381,572.6111935464249,6.506129147782409,6919.972222222223
774,36.0,0.08044092380439194,475.3477500268096,6.719649461496717,5396.777777777777
853,36.0,0.08035821218200297,760.1154592698599,6.6006350394646764,9756.916666666666
342,36.0,0.0802577026852938,884.5668782156544,6.117035219368308,11522.888888888889
1021,36.0,0.08017379253608559,782.1316055563883,6.208326281613674,9576.666666666666
416,36.0,0.08016538117084124,910.9002499448629,6.628214755861099,11372.583333333334
704,36.0,0.08010201229820824,860.2591553839923,6.397144011281478,10879.527777777777
381,36.0,0.07980632859299092,637.0089265844379,6.1687919007434,8949.944444444445
301,36.0,0.07968891402252853,431.9510667362826,6.420341571261051,5426.944444444444
332,36.0,0.07965830794318443,296.31794574870554,6.3611275446473545,3540.0
163,36.0,0.0795764006587681,525.7571832306229,6.400904763213558,6546.25
469,36.0,0.07954321993840323,887.5680777791232,6.671013531163056,11505.277777777777
802,36.0,0.07930987316690961,525.2018525866466,6.45334735030272,6987.055555555556
583,36.0,0.07919301995559466,340.55251122346954,6.426772716737908,4210.305555555556
335,42.0,0.0789683550540264,835.9267835726633,5.6357134443131205,12726.904761904761
396,36.0,0.07878043615460865,696.765456479235,5.7580749661802235,10250.083333333334
632,36.0,0.07825292590170724,620.0164735091549,6.443145413966652,7574.555555555556
245,36.0,0.07817694305385849,774.5706736110782,6.760698660251078,9652.305555555555
116,36.0,0.0774921280786686,537.3798058311096,6.073353623720639,7044.722222222223
159,36.0,0.07730014994917729,564.5419865191338,6.215470772067449,7690.111111111111
498,36.0,0.07699795291631101,551.7838357522687,6.270074390544328,6982.027777777777
849,36.0,0.07688687824362274,650.6338495531948,6.585756925729334,8373.694444444445
958,36.0,0.07684896967509398,313.02319592600014,6.1986384116786395,3755.3055555555557
207,36.0,0.07671730358067219,856.7514277861513,5.982130938596566,11200.972222222223
1075,36.0,0.07663557446419401,862.4142746979452,6.285879974837921,11574.194444444445
260,36.0,0.07609349549853435,473.38015937485943,6.0475178161640954,6286.75
676,42.0,0.07544775408982667,635.1520827957007,5.628611570352161,9408.190476190477
560,36.0,0.07498177856967611,1050.803027908358,6.135985302751035,14317.083333333334
104,36.0,0.07448677815495926,786.675126081097,5.731090640182654,10496.75
686,36.0,0.07336893027710055,432.74339532236314,5.984700983250727,6079.944444444444
134,36.0,0.07335059325887609,329.20718581026654,6.20353047514248,4526.305555555556
1101,36.0,0.07318718343934175,709.0732948891463,6.050845839286571,10180.444444444445
963,36.0,0.07283626713470268,696.8769401203712,5.6211684450167985,10783.638888888889
1,36.0,0.07280925682256098,325.1325760870417,5.57463513693226,4392.166666666667
523,36.0,0.07163730290626488,948.2056879984009,5.995181175505196,13521.944444444445
539,36.0,0.0714315935874636,858.7810165257639,5.5535708028669895,11707.138888888889
431,36.0,0.07105737663697781,722.1247579480656,5.938551571240505,9710.333333333334
84,36.0,0.06986876113233927,843.4158281984934,4.980263220570831,12955.888888888889
383,36.0,0.06986266345574306,1084.3650285208532,5.271803834259574,16245.083333333334
532,36.0,0.06943086569550953,796.8500665327734,5.474009653652033,10786.555555555555
280,36.0,0.06895239233653164,453.4508729969109,5.540247461623982,6379.805555555556
512,42.0,0.06868209870599426,459.38723973224853,5.7747572467526505,6577.952380952381
788,36.0,0.06863020595704052,1030.131052046227,4.946461046047034,16438.083333333332
768,36.0,0.06792384092492103,870.0379846447164,5.358772137447538,13081.833333333334
948,42.0,0.06714503831627006,550.1976628624622,5.349623443229353,8439.214285714286
682,42.0,0.0669699949068832,613.9829452564528,5.031445743877903,11208.57142857143
251,36.0,0.06623926946055872,982.2476889638903,4.302685919125734,16921.166666666668
842,36.0,0.06476143233610876,990.8307019738073,4.210822435873064,17294.305555555555
270,36.0,0.059996982544094836,646.9944636034462,4.731940502809164,9988.555555555555
698,36.0,0.05897336019284505,937.8408245505043,4.631445150251185,16110.888888888889
1097,42.0,0.05832177675894036,645.7986061736402,4.835280907077463,10694.595238095239
733,42.0,0.054556631631951256,765.6139637811782,4.315868418471672,14612.619047619048
259,42.0,0.05075890311152644,628.2716959636904,3.9954184620927222,12650.333333333334
562,42.0,0.04179896276036123,622.110671279951,3.1118804563800047,16423.97619047619
262,42.0,0.03489492165122897,604.1721725187829,2.5572063398580465,17570.54761904762
817,36.0,0.034038750958120874,524.2895992272007,2.4976209055796588,17063.13888888889
1114,36.0,0.01869573618779176,332.57811214425965,1.4243940144397977,17779.36111111111
