number,value,state,params_bagging_fraction,params_bagging_freq,params_feature_fraction,params_lambda_l1,params_lambda_l2,params_learning_rate,params_max_depth,params_min_data_in_leaf,params_min_gain_to_split,params_num_leaves
0,0.12432390458729134,COMPLETE,0.6624074561769746,1,0.8394633936788146,0.6245760287469887,0.002570603566117596,0.060285631437218844,16,163,3.540362888980227,211
1,0.13797432631367454,COMPLETE,0.6727299868828402,1,0.6849356442713105,0.00052821153945323,7.71800699380605e-05,0.08483766803598276,16,643,1.4561457009902097,40
2,0.14645937154689487,COMPLETE,0.7824279936868144,6,0.7465447373174766,0.00042472707398058225,0.0021465011216654484,0.013505263874802744,5,439,0.23225206359998862,325
3,0.1541148787686865,COMPLETE,0.9862528132298237,6,0.9795542149013333,7.569183361880229e-08,0.01439120761572808,0.006238197136284725,6,644,2.2007624686980067,323
4,0.14528417289137144,COMPLETE,0.7035119926400067,5,0.9637281608315128,0.0004793052550782129,0.0008325158565947969,0.005620384401502775,10,658,0.9242722776276352,89
5,0.13090935245779495,COMPLETE,0.8391599915244341,7,0.9579309401710595,5.805581976088804e-07,2.5529693461039728e-08,0.1221023042245571,14,222,1.6266516538163218,498
6,0.13086230926338718,COMPLETE,0.7123738038749523,4,0.7427013306774357,0.16587190283399628,4.6876566400928895e-08,0.0837752617992515,7,324,4.9344346830025865,218
7,0.15835370471215424,COMPLETE,0.8827429375390469,5,0.9261845713819337,4.638759594322625e-08,1.683416412018213e-05,0.005094796489697568,6,1554,0.5793452976256486,403
8,0.14328641434883568,COMPLETE,0.7243929286862648,2,0.6254233401144095,0.005470376807480385,0.9658611176861261,0.015408008522234031,12,1473,2.3610746258097466,447
9,0.13636206627839914,COMPLETE,0.9083868719818244,3,0.8245108790277985,7.04480806377519e-05,1.6934490731313353e-08,0.06648777045369336,13,1069,0.5394571349665223,88
10,2561.762773253614,PRUNED,0.9630265895704372,1,0.8034282764658811,0.06308995924905786,1.1459970229341322e-06,0.01456504750774796,12,850,0.38489954914396496,46
11,0.14142399256669272,COMPLETE,0.8533615026041694,6,0.9232481518257668,4.776728196949707e-07,1.0790237065789305,0.11809898553903256,6,1617,2.6967112095782535,170
12,2551.5878872375665,PRUNED,0.6911740650167767,3,0.6440207698110707,0.5579242641506352,1.1549659339590204e-08,0.014746864720476923,15,1645,2.553736512887829,420
13,2729.122766809442,PRUNED,0.9771638815650077,2,0.7350460685614512,0.02124078827890453,1.873554890711046e-05,0.0075166734969205826,6,1062,4.858910413604804,232
14,2298.0810825890385,PRUNED,0.713936197750987,0,0.7203513239267079,0.0003342806277473177,2.906088000706637e-08,0.027131033728034864,7,1239,1.3932323211830573,494
15,2711.4430154470615,PRUNED,0.9942601816442402,1,0.7957811041110252,0.07154454696139184,1.3763785504379889e-06,0.008184596990212518,7,1361,3.641081743059298,468
16,1996.7160351688078,PRUNED,0.6361159080217633,6,0.8143098736299034,4.771628167351996e-07,2.3279640748356466e-08,0.04312908113460459,12,675,2.954464715941209,208
17,2307.963572516163,PRUNED,0.8580691161637799,1,0.6905983100791752,3.024252976134463e-05,2.6950690621944644,0.028536029490041928,4,1398,0.6876047207299663,357
18,1089.1952328948312,PRUNED,0.7031766510860622,5,0.9509357413523924,0.0009926755025313793,0.0005845951462609696,0.11610598360673814,5,1644,1.2092614545022584,195
19,0.14216603651150955,COMPLETE,0.7356119164194802,2,0.8532405829093072,1.1857478328321236,0.9633360624447911,0.10690466445111099,15,1466,3.899377729288119,75
20,0.1297989518001077,COMPLETE,0.727493881697731,4,0.7452989773699411,0.9912427146348364,5.031726373794901e-06,0.07968228232580615,9,202,4.117029343287847,284
21,2305.001922154216,PRUNED,0.6482049302982379,0,0.8542319691296733,0.7798730970156699,0.3025630327826162,0.02585302440340792,16,397,3.534060221881031,207
22,1722.4793761751782,PRUNED,0.7935189859886809,4,0.8008914545337578,0.04830756822252449,1.954725426402565e-07,0.06136466074905199,13,295,4.379766847016527,260
23,1080.2602400159037,PRUNED,0.7588530723054282,4,0.694916650941447,0.026348115423009327,7.306813857091063e-07,0.09601518224072209,6,706,4.076424812880014,247
24,0.12576927944501337,COMPLETE,0.6344827019022808,4,0.9255749600933884,0.023646435274414977,0.007929351618204527,0.07410559577568268,16,94,2.08720253556935,300
25,0.1232841991430069,COMPLETE,0.7445679032876682,4,0.9472383199652197,3.282484001797043,0.020757458522633266,0.08319031011701257,16,104,2.231918931008913,207
26,1634.956793694877,PRUNED,0.6738302200306737,4,0.9245394640966145,0.00019346360792780058,0.021130008460195273,0.06780359743161306,16,70,1.7315891664304552,377
27,0.13825717914338054,COMPLETE,0.6963034539212742,6,0.9674843009191906,2.55944172230426,0.012358766606849318,0.1036503124586488,15,455,2.979874241870717,259
28,1896.5999487861523,PRUNED,0.7601212268935512,3,0.8932301641127547,1.8296130461923492,0.005940679115761159,0.05034132556547334,11,445,1.9458912209965082,110
29,1869.3128505056623,PRUNED,0.745258574493139,4,0.9988626923038805,0.2944449368841971,0.5817985321663718,0.05119977071001072,15,116,0.003993636088271302,210
30,1659.9354296626234,PRUNED,0.6461862931458544,1,0.7921527639482572,0.01214270096115066,8.116822452212275e-06,0.06725217075383542,14,152,2.102021139892122,191
31,0.125909764390461,COMPLETE,0.8018787124867583,3,0.9324191705127944,1.4753329519708835,0.17214832592896492,0.08337354258658934,16,179,3.728393130831333,256
32,1548.3598816705219,PRUNED,0.811502661218449,2,0.9741691296539018,1.5135988345223315,0.29714460386337643,0.07777209373591654,15,161,4.546903429666034,214
33,1897.1419934397913,PRUNED,0.9270980267263593,2,0.8535200964954212,0.07162039757493957,1.5841746760670194,0.048620697332470465,15,539,1.9209283825828474,322
34,1949.1604222372266,PRUNED,0.6075480113652023,4,0.8110615119579729,0.03672830233165884,0.03900645003959728,0.046348711533873266,15,183,2.2031001054551314,147
35,0.13299851901499987,COMPLETE,0.6562874783052617,2,0.9700389596231478,0.03730484086278703,0.00013465467737663037,0.10812973835079318,15,361,3.2664768165743463,111
36,2239.722763030682,PRUNED,0.7175142860058665,4,0.8356722235355154,3.261067460778542,0.4001009940952496,0.028786191777303863,14,99,2.0334292517473886,351
37,0.13037490211127975,COMPLETE,0.8243820489696051,4,0.8567681566140973,0.5162055839194511,0.3261755496956335,0.13545492980546056,16,336,1.653304607385464,212
38,1718.4417533794453,PRUNED,0.7913862928826058,3,0.7952075499247339,0.05439453849203395,0.014053526842667613,0.06174666712208103,14,519,4.284010224281827,302
39,1721.4064602084986,PRUNED,0.7353850918976339,1,0.7124821002794648,0.18684958054503242,0.24135976898328557,0.0627699865375891,16,83,4.523844909790105,207
40,2135.1382995338226,PRUNED,0.692398644983375,2,0.8933426514412365,0.15090543799949505,0.0003808857112121965,0.034723217136931606,14,204,4.086331838064156,246
41,1585.2542124746026,PRUNED,0.7963142085507665,6,0.7960286492019277,0.00741743617679321,4.603024186755667e-05,0.077389583958608,7,196,2.3479946581543327,435
42,0.12982026956772544,COMPLETE,0.6990676115565357,4,0.8438231104333636,0.00556991028570197,0.004517180519964018,0.1320243540391955,9,131,4.1126438122197495,223
43,0.12992412934545222,COMPLETE,0.70928896896534,2,0.8160227619437148,7.848575249315911,1.4444907711471995e-06,0.12625425500435927,9,168,4.467015694769316,264
44,1571.662389203392,PRUNED,0.6358601260386169,4,0.749259701791225,4.006898540344889,1.7681623892103753e-05,0.08023622677629122,6,268,4.097792439111239,403
45,2175.376910204945,PRUNED,0.7350474222552739,3,0.6969965146614189,2.5410936341219963,0.00014022851742720717,0.03309043818284787,9,118,4.53531789983636,159
46,1886.8096783930123,PRUNED,0.8073543326032032,6,0.9357929041641903,1.3960022421656708,0.0013319324182526286,0.05009162074500602,16,114,1.7994733153394042,190
47,2027.2375491593118,PRUNED,0.8252343869300729,3,0.9102583261335705,0.10377019970349717,0.5455624115166312,0.0405309389615279,16,174,2.8253147673960073,276
48,0.1275321372642583,COMPLETE,0.7604627818775761,4,0.6144839439899116,2.823159150870834,1.7233719984205335e-05,0.09283485504209991,11,57,4.060652315106858,326
49,2169.5006982642176,PRUNED,0.8450478623607274,6,0.6082569472732372,1.811566255608957,0.003583929412184346,0.033080078416069914,11,137,4.685115841820167,394
50,0.12519756652665748,COMPLETE,0.8497485733563588,5,0.6100316777031128,3.519025719413746,3.5327434253482096e-07,0.11816290044698971,11,102,3.4854817075902593,400
51,1900.8568128666388,PRUNED,0.6732971279783142,3,0.6355507030785849,2.5830784594528393,0.0008940690730226331,0.048863498998291045,11,345,3.001971920437497,355
52,1682.3260175597572,PRUNED,0.8507267228410269,5,0.632207659271075,3.7672166711062323,8.609197066044052e-08,0.06574265574848881,9,273,2.5259563978713175,333
53,1013.4047156918646,PRUNED,0.7471860192276367,5,0.6755150520917623,0.16915657173859514,4.051728827751721e-05,0.11586237017414734,12,902,4.220847826011139,410
54,952.777156249141,PRUNED,0.8527203067700772,5,0.6533770029891257,0.6191275981089738,2.572333018634895e-08,0.08728335099772554,10,188,4.151028450649769,480
55,1773.8746916697987,PRUNED,0.7211366828017748,4,0.6103524542221355,0.38742376748340995,9.160197237464689e-07,0.05726284509915729,12,182,3.5811820922570075,395
56,0.130984497515124,COMPLETE,0.6755368770849668,4,0.8979850019449603,0.0016826532654188884,0.00034043912328980214,0.1049839902886106,16,271,2.6807759165976277,248
57,975.9506298435379,PRUNED,0.6212828817827155,0,0.8082161313283205,0.07766471770961773,0.08984805876321988,0.09393223645114636,13,803,2.692519099102734,327
58,1608.797927401421,PRUNED,0.6333093916951158,4,0.8678231460114698,0.41533583331908036,0.001263077521441719,0.07083684277938561,13,177,2.022412684125497,289
59,1002.9894537352419,PRUNED,0.925219764453112,6,0.6529425162871493,0.10966526549000473,2.02825030084886e-05,0.14901183206513097,8,356,3.824501132165203,372
60,0.1281015203343459,COMPLETE,0.7295674053190518,3,0.9749216069620712,4.845287469051268,0.0006975718972443473,0.09403973843413128,15,266,2.035011015415104,208
61,1797.7998883164662,PRUNED,0.7540695404969853,3,0.9442079516892504,2.680025919425164,4.4330659484776465e-05,0.05636007591913453,16,529,1.7562711597827017,212
62,1552.2845542705186,PRUNED,0.798986802184724,0,0.993006214148465,0.6105627250063007,0.00912497063127517,0.07754888416655357,12,81,1.7284002535367091,185
63,906.9931858556788,PRUNED,0.6290360428543829,1,0.9790666868949477,6.052817439046875,0.0011578249154680822,0.12683008814834815,16,454,2.4486326978976423,347
64,0.1286335467231004,COMPLETE,0.723976210125668,4,0.9912905926223208,1.9252786315356971,0.007028388017891197,0.11766785122310704,14,215,1.753906522780121,287
65,1522.33553695649,PRUNED,0.6494668708074133,1,0.818789094550513,3.3951641349149,0.0009929899738398815,0.07972059697971055,16,125,3.433067393572396,234
66,984.7591925660981,PRUNED,0.8667088451890482,6,0.6492251439257839,8.419189668420627,4.232607206029768e-06,0.10067737140670246,15,527,4.238305359887972,468
67,0.12847543821993027,COMPLETE,0.8820140264932143,4,0.9571044144922779,0.9823137863484397,0.21943045337247216,0.1408069005832503,12,138,4.207449928583028,338
68,1649.7261013666634,PRUNED,0.7539259789593138,4,0.6385141906468668,1.539602918896488,0.0004714666178485213,0.06772297538544544,14,353,4.681016161613144,310
69,1925.3238268292014,PRUNED,0.658926627162237,7,0.6586948817761868,8.924799471205766,7.958450978645793e-07,0.04763664000106111,12,98,4.0233227120109945,203
70,0.12687441686574058,COMPLETE,0.7324988012724556,4,0.6421102580961805,0.7151924903664626,6.996448162595823e-07,0.1355431861532847,11,72,4.22465143060241,368
71,0.12824163099450078,COMPLETE,0.6720054166353648,4,0.6408219651867496,0.37441716876904285,7.587404570785904e-08,0.1365959920416544,13,81,4.046049364371562,308
72,1412.4257500883205,PRUNED,0.7317774250900895,3,0.6175021229993075,9.381604518367617,5.642383469069837e-05,0.09380383661053583,10,337,4.5385308369785635,329
73,0.12491949364993926,COMPLETE,0.8759101793954976,5,0.6141240624998775,1.768568172099721,2.356710342598991e-06,0.10723092664467211,13,97,2.876815639376347,463
74,0.12950081476197256,COMPLETE,0.9414156435525352,5,0.7525829066979061,3.590089817082706,1.2084395239516396e-07,0.09799663127068424,15,227,2.1868280880228865,438
75,949.8047153533769,PRUNED,0.8325425731739446,4,0.6257140627408063,0.5832752283072415,2.8148283471810372e-05,0.1124559304238446,10,91,3.7835221662025185,200
76,1857.6605762442668,PRUNED,0.875985436035676,6,0.6034911446960217,0.037711469953633524,2.1964850711341736e-06,0.05182205191537264,13,168,3.507766210261802,425
77,1819.156265393462,PRUNED,0.8218294789674251,2,0.9282660898659958,1.3730636205454612,0.18425434858995532,0.05499681202798903,16,1074,3.9290363830287274,304
78,976.9880681614239,PRUNED,0.910876625860144,1,0.6294861375992589,0.019658356580535892,0.00013404171167425647,0.12315599799591788,12,623,2.381290500437327,438
79,0.12622514132878407,COMPLETE,0.8885645299261595,5,0.6026602647174053,5.527422217295674,8.96153469733386e-06,0.11541482083007323,14,227,2.006973990789338,324
80,1376.0623174638931,PRUNED,0.8425110169943835,4,0.701201369873927,0.7448095104843475,4.572973607512242e-06,0.09756334279484441,11,344,1.8682101163469693,445
81,2185.0074500062165,PRUNED,0.9746510095072913,5,0.6281694168575805,8.488177797612801,7.239728466268326e-05,0.03198066561846111,15,230,1.2708647255097132,326
82,981.6683270897518,PRUNED,0.8337221732620248,6,0.6150489703575337,0.5301156249559079,1.4397273617660529e-08,0.13193781406035526,12,459,2.6238330105990237,361
83,1531.8731817011578,PRUNED,0.9275323578259635,4,0.6594472517855691,0.1294199992985607,5.391592564781896e-06,0.07965072874962244,16,118,2.458900638664269,214
84,0.13072824468502842,COMPLETE,0.922376017452695,7,0.6894808727392232,0.21473864889570474,8.878013577461479e-05,0.11281221190446668,16,481,1.7991327614557524,370
85,0.12561469942962475,COMPLETE,0.8592888110977349,5,0.6181169419577119,0.06048569882959594,7.360956856230305e-06,0.09829440180361979,13,145,2.672611301389262,440
86,0.12907260025364473,COMPLETE,0.7702117152111874,3,0.9155228887330276,0.5791621706769565,0.0691397427444988,0.10622000903275705,14,285,3.1776024277402195,288
87,0.12634928171508472,COMPLETE,0.8730737314241965,4,0.6015572415082733,2.262808182597055,4.905982652310688e-07,0.14944106001241647,13,64,0.6625701832634145,329
88,0.1258780878607742,COMPLETE,0.8345932151134393,3,0.677339787857455,4.457462258223903,3.7908027258851316e-07,0.10176052147529709,12,189,0.08276777215391073,342
89,1007.0116383195331,PRUNED,0.7461833163997939,2,0.7499692959379074,1.9934069731454365,1.267255398044052e-05,0.13899635244818112,10,639,0.5440020364543526,364
90,1948.2483204056691,PRUNED,0.842164997476289,1,0.667735012673431,0.030575561453965706,3.077474945860476e-08,0.04542619824688387,11,173,0.30178744288233605,489
91,0.12471609744941282,COMPLETE,0.882319535439581,6,0.624561212526849,4.486678743556732,5.497271121762256e-07,0.10538395938842463,15,90,0.337220751419015,222
92,0.12992558188431447,COMPLETE,0.7094993692218126,5,0.6654669936167694,9.02537297290249,0.000708404943054184,0.13539400045425243,16,150,2.2939495115146458,378
93,1554.1259587839252,PRUNED,0.805714837715202,3,0.7540891247338202,5.392179497770985,2.2537123819004558e-07,0.07929174636305532,8,121,0.0011501074857574178,351
94,2114.6475151581617,PRUNED,0.9421820793079079,7,0.6966645896545387,1.9600709719043183,6.7935596066995e-08,0.035951390721964065,10,243,0.4638727374676613,324
95,972.1280715185183,PRUNED,0.8805691360585746,6,0.669470045204495,5.057150667272419,1.2360591915344552e-07,0.11563608556919759,16,279,0.3132421485089246,238
96,0.12733269948232936,COMPLETE,0.860004389093847,6,0.6705930589059728,0.32298519585940866,1.0401579609343228e-05,0.11413001935806916,12,80,2.701460772437659,395
97,1017.1667282722021,PRUNED,0.9689628715681784,3,0.7217867311700137,0.5556562944495818,4.661421270471075e-08,0.12387535549090545,12,761,0.0515366518269533,402
98,1818.1956968647369,PRUNED,0.8548268530863056,4,0.6565868910322339,0.3062147792043335,3.203763008060642e-06,0.05390503903267381,16,181,2.3832838013613777,452
99,1373.7871783235332,PRUNED,0.9390108912579286,6,0.6085967669072645,7.510392206517363,2.0239867298468585e-05,0.1005851739501083,13,546,0.4339874305097444,257
100,1680.4273201686078,PRUNED,0.854960055281795,2,0.7217174283216069,1.959210989887777,3.7870164388575366e-08,0.06536674636186607,15,182,0.9921522136853242,263
101,1738.4054534820814,PRUNED,0.8882915819282644,2,0.6056796515488284,1.6049802202057606,3.0308597074253593e-05,0.06144492189182345,11,74,0.5848777818331907,271
102,2548.377170395429,PRUNED,0.628903175121105,5,0.9211050594441869,0.0001056090916305986,7.99541001777316,0.014753888750881673,14,445,3.5860258439098507,386
103,1023.7295302152705,PRUNED,0.9627662250102597,4,0.6233173411882242,7.6492647006794785,2.023532886928373e-05,0.11843436876788815,12,670,3.171566201889175,433
104,2261.9526114152955,PRUNED,0.8915877947147199,5,0.6979507091668182,0.9722571568705455,3.8403208479701255e-07,0.029099941242075385,16,77,0.21862046291923576,69
105,0.12613089138382652,COMPLETE,0.8675474778440418,4,0.6082957425551245,0.34256076063026364,3.6024004730769393e-06,0.12156172541578035,16,59,0.4897519514114863,317
106,1548.232607737155,PRUNED,0.8439021952904286,7,0.6558190339905418,0.0006722724445485052,5.646125626718535e-08,0.07830469619559151,15,399,1.3627054038555557,196
107,1895.704832703373,PRUNED,0.8301255053610863,3,0.6130252543531864,1.1294114176362124,4.404119133061568e-05,0.049622626335481104,16,507,0.9811856601627071,210
108,1892.6746089660876,PRUNED,0.6094263643610908,3,0.9420700904664014,0.001661283531102504,6.746832007104284,0.04980837140013082,15,544,1.8385953328811533,373
109,1466.6488243090184,PRUNED,0.8366680129681073,5,0.6083694967135007,0.04312674393193459,6.753280804479919e-06,0.0868949766304386,13,649,1.642095302791903,439
110,981.566525779343,PRUNED,0.8996891370636741,6,0.6121387087032188,1.1076910127623008,0.024656371238641797,0.1338438342182858,15,373,3.1571233057573935,253
111,1360.6197528804769,PRUNED,0.7069677337851318,0,0.8961908283470464,0.07890357116565773,0.02815196741447423,0.10057094695539158,16,426,3.6553141651298366,199
112,1866.4778210285956,PRUNED,0.8644457187894298,5,0.6417525236913761,0.00036911286737354777,1.5501077647148492e-07,0.05108418608132413,12,53,0.30670895898884176,281
113,0.12449635421313662,COMPLETE,0.8748393381286056,4,0.6171237837953893,0.30662878704834634,2.8133459072470034e-07,0.10626174382563269,15,134,1.0110394223642807,341
114,1834.6230789313004,PRUNED,0.6744108246835576,4,0.9045015941197314,0.31293063873390076,6.6213063069138,0.0537183170657757,14,379,4.3862862602195625,207
115,1704.7896561937653,PRUNED,0.9462787385147716,2,0.6416596102732033,0.04592633296445684,9.997102225931895e-05,0.06258163935626682,15,368,0.674453430659602,407
116,1066.9124516572033,PRUNED,0.7316385252458836,5,0.9838538427897199,8.546250791913838,0.17999458230106255,0.12168776816785604,16,372,1.8685701921633409,105
117,0.1269265543558519,COMPLETE,0.8656704691459209,4,0.7467962202383444,0.012824125596484449,1.1410318761795657e-07,0.12729747166261937,16,194,1.275572773721764,307
118,1881.0446516604948,PRUNED,0.8056277472116044,7,0.6373837461258509,7.165631673815903,9.097861364554101e-08,0.05075390709453149,14,254,1.8287505555652888,194
119,1866.0499033858966,PRUNED,0.6231605495404411,5,0.9440886938604535,0.22000904591362885,0.010115781419690223,0.05176124957365754,16,553,1.8660924667197842,225
120,0.12335122950973282,COMPLETE,0.8254589187028383,5,0.9738322061523614,5.431003540251805,3.2711256487247518,0.10620242570978564,16,94,3.3735470513594623,277
121,1388.3745845601313,PRUNED,0.8382223332474245,4,0.9285380008808297,5.270874209949092,0.1740308447284468,0.09525248217317003,16,199,3.5915858624054975,243
122,1376.8447038998154,PRUNED,0.6883250090859229,5,0.9487050563958482,0.18449001543135465,0.012207596707936124,0.09503239301649558,16,104,3.801784118985146,401
123,1354.0967710497048,PRUNED,0.8141569613363904,3,0.6290145333461118,8.555400086281544,0.0004963872357950896,0.09940974702039998,16,243,0.9709329801284259,397
124,1335.8678596083253,PRUNED,0.9803921066040886,4,0.6573999754125898,0.052761727557327956,4.558738032013391e-08,0.10301146323378274,10,145,3.0555804715549044,488
125,1671.508799522015,PRUNED,0.874066234339119,6,0.9843723311031475,0.0026993505173577717,0.04227402328501782,0.06581914044236858,15,298,3.5112656007686054,303
126,987.5289213535493,PRUNED,0.958788234366931,4,0.6124992028364256,1.303652914552324,1.39709973624981e-08,0.14944622621833273,15,637,1.8293463194080914,294
127,1652.585031870083,PRUNED,0.9244747927098952,4,0.6488570411321546,0.3522759256615641,1.0901144843451086e-05,0.06779052571885844,15,85,0.11212374445024248,256
128,2116.959087762386,PRUNED,0.8070342575824047,3,0.9783647411861693,3.4453627173231767,0.42555305404509736,0.03619163874847224,15,70,2.490365878828037,162
129,1514.4410605435014,PRUNED,0.8215605828133546,3,0.6478546868660585,1.231239979429335,1.3395012374648445e-07,0.08025725249347081,12,223,0.11678869586483076,356
130,1749.6974721966224,PRUNED,0.8158879494659106,6,0.9929068566606709,1.6776284015487983,3.349364984136834,0.059709589229837434,15,596,3.982834030012519,466
131,1840.8526926410718,PRUNED,0.8975173008590044,3,0.6071923446672732,5.489666402009823,7.312929195836342e-07,0.0533600083077651,12,180,2.6904474571569637,353
132,957.8312075041682,PRUNED,0.8521824477901944,5,0.6359082532273441,0.9264453497939555,7.259915566710925e-07,0.14914664577125572,13,305,1.5852681190410447,397
133,0.12629567632216895,COMPLETE,0.8180300096962687,4,0.6165644482430692,0.07944468932184529,1.2918946236371081e-05,0.11766568976921007,14,87,1.1967887127679862,282
134,1998.6936432797245,PRUNED,0.6505414594618806,1,0.810633587270988,1.6460204568783898,1.5998105412724416e-05,0.0429573526327056,14,914,4.560377365119634,325
135,951.4302167121061,PRUNED,0.841812433117267,4,0.6181597228950243,0.05214616567897835,4.413182911539168e-05,0.12165227222954697,15,292,0.1597347336681405,313
136,1924.8678572845693,PRUNED,0.7692531113122042,4,0.989248608324123,0.4809615786400329,0.04305363569663499,0.046693885023819395,16,197,2.4594241390456757,342
137,0.12637431057293694,COMPLETE,0.8991439230872338,3,0.6148270467539677,0.3024524321310935,9.185534111184382e-07,0.11405653860956338,13,79,3.577138227294812,456
138,1391.4796906897009,PRUNED,0.7460424907674706,5,0.6804379675927916,0.8883909182785208,3.598872304082645e-05,0.09846975275264996,14,406,0.10794069435861384,148
139,1771.0814569535785,PRUNED,0.7943050713627245,3,0.6019617973419994,0.0037897486970124407,2.892040526653467e-07,0.05872228174661167,16,241,0.23606852975155007,302
140,0.12794565144554765,COMPLETE,0.6169120237603872,4,0.9577175166433376,0.0009033626436045852,0.008875433209789835,0.11911461665946269,15,126,1.9827101100345081,324
141,981.7252520859489,PRUNED,0.8956845922002401,2,0.6021475907243248,1.8209527349763635,4.458749356764095e-08,0.11500011556678341,13,168,0.4761903341391336,300
142,986.7209429547273,PRUNED,0.7906075184342881,4,0.6006373436981435,0.24449269270507762,1.2041476469983368e-06,0.12458605975906104,14,354,1.6077605699270623,344
143,2031.3976681001793,PRUNED,0.7854789096571232,4,0.6339014787484412,0.05406095018147333,2.5779203690647667e-05,0.04061299332679616,12,145,1.414965736322541,281
144,1351.9995075517725,PRUNED,0.8429801718648475,5,0.6654371025288738,0.012830488340009398,0.00043866028603677045,0.10062113267748515,14,446,3.2304747511133773,411
145,1011.9477884742896,PRUNED,0.9670694835809319,5,0.6097096380771632,0.0042901535524418905,1.6703778285955066e-07,0.13612230653989502,16,304,0.48583683436788494,140
146,0.1245874751654427,COMPLETE,0.8536502809457261,5,0.8596410092976547,7.193617538534983,3.392087632688586,0.10365337194118095,16,111,2.6643734532989227,317
147,0.12666677114487204,COMPLETE,0.875603763271715,3,0.8698865174363298,1.2776858365992008,0.3350813161600884,0.11896634269222925,16,107,2.2912168166668705,329
148,1814.4988747552711,PRUNED,0.8237770151313044,4,0.8841514797545865,1.4986149644107105,0.3385032173373546,0.054242437875326455,15,466,4.487582962748486,333
149,1706.539991340981,PRUNED,0.854741505725968,6,0.9939526158392508,1.0940476790737441,1.0458469647986581,0.0633746675550318,13,112,2.684301098682111,234
150,1349.606874155327,PRUNED,0.8184824070577335,5,0.9200180881528984,2.2614224119434385,0.34986528485297047,0.09890566808779966,16,60,2.1234370973553647,314
151,0.12481827965243114,COMPLETE,0.8968609328846004,5,0.6402716827918934,1.9510493085116067,3.9252242687560765e-06,0.10932650813269831,16,102,0.4617371582404004,389
152,1505.6742738316575,PRUNED,0.7550522636248024,7,0.6359171016774614,0.3107617660913639,4.102041842198339e-06,0.08042065706096925,13,119,2.9002153576578125,463
153,1967.3796478410718,PRUNED,0.6991234282511092,1,0.7977191074229746,9.567339859591648,0.06569852911417912,0.045423418786755175,12,66,3.788754344574071,121
154,1345.3451473963464,PRUNED,0.7995907381241013,6,0.8901201562114188,1.1329443110742061,9.540952267013742,0.10193292973859551,14,121,3.6895837905424687,258
155,1345.495085230092,PRUNED,0.8459930459694303,7,0.6312591217434651,0.7371224088351154,0.0002980598855369758,0.1019446591582905,16,61,0.20027476358915475,248
156,1502.0567200908588,PRUNED,0.9150078075194856,7,0.7473133119607911,6.815603555197272,4.872281380529167,0.08229313916769128,15,189,2.2837748033530874,299
157,0.12485910809737903,COMPLETE,0.9086401443400391,6,0.6289363451304786,0.2570944233604353,1.645227436684203e-05,0.1436074147029091,14,123,0.7670869835091849,422
158,1547.761175760493,PRUNED,0.8981608380655478,4,0.6228781973510553,0.29944468899727167,9.794429994093593e-07,0.07568297242076513,15,96,0.04770618165179469,482
159,1482.7038375637883,PRUNED,0.8754845746969334,6,0.6670126357446291,2.276008584247364,0.0018310015480180253,0.08365420235832663,16,207,1.2382736299969044,411
160,950.3272607293305,PRUNED,0.7706253323634316,5,0.7823893184005853,4.958066479482252,6.561061777769006e-08,0.1447765529528687,12,284,0.3561970455711293,243
161,938.8433627250269,PRUNED,0.8499198881609964,7,0.6355025501015419,0.003386901287470415,2.4619082253211358e-06,0.11395181097023632,13,183,0.6838143591766038,437
162,2648.4967105857927,PRUNED,0.8954315598539417,5,0.7246995322047303,5.222174356801752e-05,0.8008203842326208,0.010524707028837912,14,495,2.640883279501536,507
163,939.2421778702284,PRUNED,0.8534178483793304,6,0.6317780117410335,0.05765663055541535,2.538440823056234e-08,0.14834590509217968,16,72,0.9500348279512724,322
164,1008.7060840349789,PRUNED,0.8940412595644743,7,0.6107833364839753,4.56918168571126,1.6034062273257117e-05,0.12014266885064293,16,566,1.146371576409547,456
165,1560.971713765622,PRUNED,0.6218519286921003,0,0.8252505698981362,8.591585090575667e-06,0.0014949611046983005,0.07544182003598893,16,488,3.71729379057783,284
166,1769.2632216894726,PRUNED,0.9315101606343901,6,0.6002959891888471,3.258911035609686,0.00012787491237664967,0.05880160842213727,10,398,1.651706309442216,402
167,944.8865397156297,PRUNED,0.8502224630321028,5,0.6586363684551788,0.2574003880779679,1.6088422549501333e-06,0.1290816224035347,16,225,0.40297298536443293,270
168,1622.1479567033289,PRUNED,0.8182758883893696,5,0.6562698655895636,0.0003560317609059629,0.000301025934913478,0.06998639531152467,10,63,1.9659231296037771,497
169,999.4207915749801,PRUNED,0.9332880118565389,5,0.6415550877848017,1.9540706607514975,2.7657554625071187e-05,0.1281538390866135,12,247,2.4849653856473806,201
170,1458.049594636634,PRUNED,0.8066983336183662,5,0.626717954451207,4.033245952090743,3.206960260841869e-05,0.08791800814831967,14,272,2.1796166795335274,217
171,892.315721665857,PRUNED,0.8345819832120848,5,0.9791343525230857,2.232214972173887,5.5624736666844115,0.1069850741753,16,217,4.538576777967868,358
172,951.8110313007979,PRUNED,0.9646976792886001,5,0.6592864146288626,0.41901192458117853,2.1451956727100764e-06,0.13694147540952156,12,360,0.5172055629903141,365
173,905.4028310931235,PRUNED,0.8501455279130808,2,0.7237543606503958,5.606225413570893,3.24445809480898e-05,0.12853118625824045,12,132,0.5160413275278573,352
174,1374.907702256815,PRUNED,0.9458046657287058,6,0.6247392995698556,3.170731448249732,6.00925938714358e-07,0.09721009857890392,13,214,1.3142080544164312,343
175,1614.4983837267876,PRUNED,0.8493163105458994,5,0.6007200552816401,0.11855341799574916,3.335628805508148e-05,0.07101362977022928,12,149,2.096918404779387,433
176,882.3880118637916,PRUNED,0.8254280012377639,5,0.7082891200390222,5.276931620162658,1.0226076099941288e-06,0.1462385634739034,13,100,0.42467242191374577,400
177,936.5651942532951,PRUNED,0.9438112195703121,4,0.6953253752832413,5.184705678904512,5.216237297964794e-08,0.12993130177229759,16,298,0.6648184588922241,420
178,1388.0426815646124,PRUNED,0.8280617284760508,6,0.6115293815375742,4.932399152001492,3.6346048107421476e-05,0.09457006375602107,12,114,4.324627859193418,446
179,2208.8291856206215,PRUNED,0.9560700879823998,4,0.9971113694224081,0.012685275458149714,9.716502886409535e-07,0.03134330824555916,9,937,4.130762025386162,398
180,1533.0374881451937,PRUNED,0.9492841769261029,6,0.617639202399457,7.345218525773436,3.662449130356613e-06,0.07842676142068528,16,105,0.055151055867680265,361
181,2770.168747144483,PRUNED,0.8102687300010004,1,0.9290270049883596,0.0010869284494120785,9.438367613169059e-06,0.005803408311024394,12,1748,0.45683279536033616,126
182,1434.2524838724441,PRUNED,0.9052079259070459,4,0.6511878373786332,0.04359507176274599,1.6493669329058396e-06,0.08968894610381768,14,425,4.435461524190179,346
183,940.433137631958,PRUNED,0.8590064448407905,5,0.6055096344891209,0.003073595441130563,6.980970556381651e-08,0.1301708637175246,12,168,3.504928175469862,442
184,0.12578244473429445,COMPLETE,0.881175587685259,3,0.6691013910740893,2.339224776744442,8.526400503870011e-07,0.14751703294191926,11,107,3.5045014193740176,428
185,1544.04235585036,PRUNED,0.8917670435253243,3,0.652572848867298,0.8529648395162668,8.991780616610205e-08,0.08021973756199108,8,240,3.984715421029334,368
186,2237.6749371203896,PRUNED,0.6988643981398407,5,0.7284205746064348,0.00018019078425761883,0.5342558378375439,0.030372041477916195,8,1433,1.3433064668214265,83
187,885.2386707044594,PRUNED,0.8924346997877964,6,0.6320577772938197,2.7697675911488853,2.006166925684022e-06,0.1263019352453686,12,167,2.4773663919174673,449
188,1675.0684164465747,PRUNED,0.8034157477782843,6,0.8544154432744898,0.1231585178166078,9.066313696436222,0.06607401174598743,15,746,2.1858652641896,401
189,1741.1135110982843,PRUNED,0.9679487860082518,4,0.976030322518186,5.232507038567296,5.563421687521142,0.0599794338052617,15,180,2.131207694048806,312
190,1580.0241463264679,PRUNED,0.7242083764144629,3,0.8565244095634232,1.778063767495407,0.056458622885878225,0.07427414847669048,14,73,2.143549759961022,211
191,1369.1284081780661,PRUNED,0.8256498180453005,2,0.7267135848632736,0.07551712151706182,1.9904134822026876e-05,0.09869949782014782,12,298,3.769734391103378,465
192,985.4521539539858,PRUNED,0.8085075989367638,2,0.6260177984746417,0.0879482407044712,1.9549037455687934e-08,0.1318704985259087,11,305,2.947738550589754,439
193,1562.2316619570709,PRUNED,0.9159254470367432,3,0.6079660650662476,0.03580380963081633,3.8274268728626227e-08,0.07549995327089434,14,106,4.480155990825234,481
194,935.7281910793757,PRUNED,0.8593209688394874,4,0.6088969557921391,5.287437290829409,6.982826014141192e-06,0.14815287516188283,12,196,3.703528942198397,441
195,1098.1547265644626,PRUNED,0.7267686017182284,4,0.9947331704513729,7.351793850924983,4.413213341055824,0.11070828398629791,13,167,2.8488490327237947,193
196,951.2376956145116,PRUNED,0.8212688659085057,4,0.6054695583886787,7.540839516755192,2.3212117547537666e-05,0.12063912359819132,13,60,1.330938810496622,310
197,1405.2159155924676,PRUNED,0.7869309633883742,4,0.9621805082771259,6.983490017035542,3.649132364077684,0.09385438323157182,16,161,3.2737631977222192,289
198,1455.1709549308662,PRUNED,0.6428626650032581,1,0.8169818781298119,0.5517707724469791,0.07249861532222408,0.08971085303822494,16,79,4.339024406195381,113
199,915.1632357765064,PRUNED,0.9518878939871991,1,0.6682026307539476,3.951117205524171,1.6732976220862187e-08,0.10615615533717662,12,108,3.8514324197968195,443
