Store,n,rmspe_lgbm,rmse_lgbm,mape_lgbm,mean_true
292,18.0,2.010943826091961,4607.6657088872,107.41089038149734,6374.611111111111
909,22.0,0.914555985146143,5950.333678751405,52.74720087732461,13695.454545454546
876,22.0,0.5098089224439074,4858.093248662623,32.52389125291584,10458.181818181818
782,36.0,0.4792981131892138,1099.6664143641906,21.73710002010173,5301.305555555556
183,31.0,0.3278074894256955,2327.368791753563,27.403290081103616,6093.129032258064
534,36.0,0.3241970087902114,1695.0039196815922,21.35734715773332,7641.777777777777
636,36.0,0.2508295383683529,1588.6118662514948,20.81663261262084,6597.361111111111
612,36.0,0.2402793722429358,1186.2781583027122,15.758075078417033,6439.833333333333
279,36.0,0.2392425569540258,1982.0745149798256,17.19329322621651,9747.305555555557
710,36.0,0.2362981599272164,997.3009488307164,18.4504149917601,4667.75
1014,36.0,0.2351118214595379,1664.9737774161506,14.746014867377,9851.722222222224
695,36.0,0.2277787074847848,1027.5813170731635,16.397516100671073,5507.944444444444
269,36.0,0.226189693666404,1433.4777071108788,15.082385194280295,7711.861111111111
1073,36.0,0.2239645775276818,1622.0852313222672,14.252583584496376,9074.055555555557
198,36.0,0.2221336112917576,402.8272106732476,14.899941580263745,2762.3611111111113
575,36.0,0.219541827806752,968.1557142059276,15.209634024162424,5140.25
516,36.0,0.2172226325880703,944.5282133682636,13.94662489904834,5814.0
271,36.0,0.210474304637093,1007.3222944269548,14.836465293677945,7631.805555555556
956,36.0,0.2093943573509769,504.39106608688985,13.99772093189272,3069.972222222222
1111,36.0,0.2040408138920263,892.6181192593941,13.44688837641457,4673.222222222223
518,36.0,0.2018855262920782,1137.0759724833863,15.489686419864713,6021.388888888889
984,36.0,0.199463526816811,1126.56258390092,13.45932666378844,6135.0
607,36.0,0.1985141592982457,487.95393072295127,12.676926080332828,3636.305555555556
13,36.0,0.1971158594470597,1195.6783173402375,14.364249826354095,5244.583333333333
123,36.0,0.1969483388432991,924.8215043391272,11.242331397120466,8125.833333333333
737,36.0,0.1955708325774573,1000.2975471888536,14.235092500818896,6133.777777777777
898,36.0,0.1943908415091436,997.9458157416984,14.039573022611808,6477.055555555556
437,36.0,0.1941878485086205,1274.710815661285,15.446154937114368,7271.472222222223
1019,36.0,0.1910485821335591,1460.7806267081698,13.38378109026474,8500.805555555555
256,36.0,0.1865050217730706,1303.23843860452,11.9793073689736,8121.75
501,36.0,0.1845650919676904,608.7663535313525,11.800349210850486,4858.527777777777
139,36.0,0.1842845302977756,958.9168400268478,13.03836171789284,6461.527777777777
994,36.0,0.1837282972951076,810.3659406945169,12.735347408804836,4754.194444444444
988,36.0,0.1819158998329344,858.3018926531128,13.757071752814603,5090.277777777777
155,36.0,0.1799646522909381,1162.8914606901967,13.29441368203426,6631.194444444444
1003,36.0,0.1793930589080885,1300.9666708071898,13.640593480448404,6644.444444444444
947,36.0,0.1792025446615646,1065.9604136863973,12.023992001498614,7589.861111111111
926,36.0,0.1787401554114077,1146.8999084282325,12.451453729597633,7187.055555555556
701,36.0,0.1782180333449782,971.328972390739,12.841476150236764,5786.5
58,36.0,0.1777802382000977,1259.8079219776323,13.54019260513574,7121.583333333333
582,36.0,0.1760719396561731,915.4405103848574,11.600223376421548,6160.361111111111
1069,36.0,0.1755789213483471,783.0044608757909,11.067256115703229,6233.833333333333
675,36.0,0.1751587597006055,619.2571722646892,12.62523405831258,3619.6111111111113
27,36.0,0.1749002028350094,1313.485391193178,10.606887982864158,9335.055555555557
685,36.0,0.1744493733798447,977.7014766492208,13.967958834898496,5493.5
244,36.0,0.1744139918400803,863.2882873205317,12.621646831834513,5197.361111111111
983,36.0,0.1730218182300395,1310.8977851501863,12.407695688253176,8204.111111111111
1028,36.0,0.172896733125754,771.8162167133007,11.844199673927504,4905.777777777777
1039,36.0,0.1728880116952405,1254.018603514089,10.64452396213536,7962.833333333333
102,36.0,0.1724461898242944,1098.598436697012,11.907255088031777,6897.638888888889
427,36.0,0.1724424120200765,1374.1894299167027,13.054354224841818,7540.0
86,36.0,0.1720257276648628,693.2962951496905,12.577741567941828,4389.25
657,36.0,0.1720073924959456,892.2259783904535,13.128676297178083,5512.888888888889
550,36.0,0.1718341007214507,859.4601568753039,12.115335700184964,5168.972222222223
863,42.0,0.1716928560617373,849.5742157478791,11.245460898334406,8074.333333333333
206,36.0,0.1715155338272826,1135.972599619788,12.469910488026668,7564.083333333333
967,36.0,0.1713340288650366,1131.4165187997107,11.025846258800597,7922.138888888889
587,36.0,0.1710024257257704,1731.322910610584,13.782903066988297,10725.75
127,36.0,0.1707393111622043,917.6609109989924,12.94851180146503,5395.611111111111
916,36.0,0.1706509006529556,1002.5074660293528,12.792333951653232,5538.388888888889
46,36.0,0.1706276397343075,944.640134316654,13.452998533393584,5217.166666666667
302,36.0,0.1700099768752212,604.584854548296,12.837995986630371,3775.555555555556
839,36.0,0.1687320059376675,478.9398934597641,13.257931382458343,3731.3888888888887
149,36.0,0.1686632148178151,897.0191169161676,13.14550608319044,5564.222222222223
1107,36.0,0.167213250176715,1004.4207184883858,12.84548956908536,6293.111111111111
719,36.0,0.1670729572290595,825.7342970085949,14.092316755151485,5300.166666666667
970,36.0,0.1668090617583525,444.96608978102375,13.312339148550045,2765.6388888888887
751,36.0,0.1667605234669781,579.2158318559084,12.532097992840065,4005.777777777778
1037,36.0,0.1666684928917333,928.9000567594026,12.347821722551284,6208.361111111111
954,36.0,0.1661299132819825,977.544504843036,11.777021201861777,6535.027777777777
438,36.0,0.1660090745173607,852.7695885722528,12.501869958148648,5576.611111111111
554,36.0,0.1656265029823364,897.6409782569832,13.326167378837797,5560.472222222223
324,36.0,0.1653440129227271,745.3501697172585,12.380984682066666,5141.083333333333
850,36.0,0.1652943132310453,982.1704133632632,12.962946691410762,6128.833333333333
623,36.0,0.1652232295919732,968.288685845542,11.800243705510614,6579.555555555556
76,36.0,0.1641442610819522,1292.784403080112,9.984375380198198,9166.555555555557
877,37.0,0.1638420639194067,739.1835078006352,10.05997733985655,6540.8378378378375
957,36.0,0.1634373539799541,902.000303271128,10.006276437083097,7841.777777777777
535,36.0,0.1623956045554027,1021.043937468436,10.182340763029345,8047.777777777777
786,36.0,0.1621189139076027,392.4035682305935,11.61652025403667,3158.75
907,36.0,0.161999974624688,980.9162935919788,10.63134777548334,6654.361111111111
445,36.0,0.1611762474453329,1316.214800594419,11.472557183885243,8656.0
1074,36.0,0.1610825036166642,717.1332085561083,12.891706534019296,5018.194444444444
265,36.0,0.1608583457873434,692.7848859943032,9.687130108299607,5376.944444444444
1109,36.0,0.1606076004312536,747.7351931905099,10.950603892824226,4835.527777777777
899,36.0,0.1605097057097302,677.3424922165398,12.178605872104246,4918.833333333333
629,36.0,0.160431152686081,964.9282481914496,12.224330962735998,6223.861111111111
927,36.0,0.1603208670139881,875.7518535247136,10.930613810560082,6293.138888888889
397,36.0,0.1599126326355222,713.1860586224996,9.574415152036414,5836.916666666667
563,36.0,0.1598767857475373,616.2226195502575,11.687027443461202,4336.111111111111
776,36.0,0.1597777752804171,727.966910963474,12.43373570766822,4750.305555555556
1112,36.0,0.1596288531550138,1257.9656661482816,10.809397464239767,8555.472222222223
286,36.0,0.1585904947137527,458.32395050763984,11.69476704372431,3663.472222222222
454,36.0,0.158351751615341,529.7267938535135,10.361015930846175,5890.722222222223
915,36.0,0.1582387976297858,898.5787147341184,11.62504550369828,6801.611111111111
757,36.0,0.1578466539433672,847.0117635034298,10.03927821371746,6946.416666666667
854,36.0,0.1577738748922692,868.0835057689453,12.386141564974732,5964.0
254,36.0,0.1577568326429743,480.92420774283033,12.787202251578783,3083.5555555555557
74,36.0,0.1577567210950799,774.4144796048869,10.794153955687596,5825.75
678,36.0,0.157550251297645,1110.7127695726442,11.492235600727062,7427.805555555556
1056,36.0,0.156974407317457,687.825177111788,12.560354654054748,4678.5
905,36.0,0.1566390526110209,848.3947711773034,10.250488438925496,6542.444444444444
1027,36.0,0.1565492148941196,1705.8098572970214,11.164276446107786,12365.527777777776
522,36.0,0.1564216778942969,1303.3598708313054,11.887453403276988,8826.638888888889
977,36.0,0.1563798043580159,730.99739741638,12.354498877505932,4440.111111111111
510,36.0,0.1561979238704237,887.9398695605427,9.15355218863317,8062.416666666667
715,36.0,0.1558877087871739,695.4250801707068,10.663759300487635,6237.388888888889
691,36.0,0.1558515471858768,1103.5061065046575,10.590545871767205,7988.277777777777
514,36.0,0.1557462515762682,853.4585495547369,12.24916785372076,5837.722222222223
836,36.0,0.1557158889517828,676.0049896684444,10.364651292203414,6103.861111111111
90,36.0,0.1555483998149502,1082.3915080156262,9.755907304880523,8310.444444444445
1088,36.0,0.1554819406543789,748.1970090401758,11.814420516696275,4887.166666666667
996,36.0,0.1552414012667191,945.643844789066,11.097984690515643,6962.694444444444
665,36.0,0.1544417435247259,902.228024759933,9.69564435659332,7893.027777777777
288,36.0,0.1543427170761794,749.3751595322203,12.670638655724566,5433.888888888889
630,36.0,0.1538075541273148,720.5848408012107,11.64729522028474,5893.5
526,36.0,0.1531155871315797,1101.446010073623,10.06042764929112,10336.527777777776
645,36.0,0.1528920909867113,1371.638703983433,9.680309205734178,10682.222222222224
137,36.0,0.1528757332607106,1031.6305068347192,10.49156639145826,7805.694444444444
253,36.0,0.1527040687447192,766.8078518581867,11.111726092205956,5535.722222222223
692,36.0,0.1525268635712209,1086.4580634104716,11.002304583091504,6359.111111111111
209,42.0,0.1524978220878426,801.6684670133076,11.419261949812544,6216.285714285715
840,36.0,0.1524203157153271,672.6366766923566,10.370741412399116,6255.361111111111
400,36.0,0.1524119213499622,1148.6702974436482,10.095374397882848,8533.75
908,36.0,0.1522484264089758,644.9989098033793,11.806801818019196,3964.3333333333335
743,36.0,0.1521770642157929,520.7006521139443,11.32965424329177,3811.1111111111113
848,36.0,0.1521701253450193,1018.0142589651518,12.215284450287797,6982.916666666667
466,36.0,0.1520858973610124,980.4561297845707,11.260661180700028,7431.138888888889
557,36.0,0.1518802482768564,595.6568881186853,11.553752980343756,4021.944444444444
633,36.0,0.1517543306596143,1015.2793905966096,11.68515410384616,7127.666666666667
975,36.0,0.1515762356574139,968.4830666948516,10.02636271401965,7351.555555555556
693,36.0,0.1514613616499658,896.965738441166,11.113906213737971,6441.694444444444
61,36.0,0.151233176466888,878.7777295757584,12.44597893330743,5403.638888888889
641,36.0,0.1510299235960503,579.8765636811496,9.384749771226884,5077.416666666667
1044,36.0,0.1508958998500344,854.891748473878,11.91488674491363,5928.222222222223
942,36.0,0.1508944032138101,876.850787296635,10.620608181375864,6447.305555555556
401,36.0,0.1503723313139743,820.9956636455655,11.571188341479203,7325.083333333333
736,36.0,0.1494993798699458,654.5641957348546,11.193303208616094,4873.972222222223
713,36.0,0.1493944965412504,1295.370069707446,11.527713874535712,9025.888888888889
1076,36.0,0.1486590240336969,561.9283370153718,11.53362987069962,3883.25
517,36.0,0.1485913645002722,641.438748666746,9.745914714120572,6241.861111111111
795,36.0,0.148388325380659,574.7468831921516,12.159655710817104,4341.666666666667
871,36.0,0.1480095476895787,949.1037003570572,11.119294924052586,6986.722222222223
343,36.0,0.1479390949090732,1070.7769252894964,10.663528587376984,7575.416666666667
964,36.0,0.1477816287954277,1177.9634899361238,10.398462840737889,8902.25
846,36.0,0.1475860619609756,1245.709252328592,9.882239246248073,9011.444444444443
962,36.0,0.1475718776906653,876.5247341762081,11.011001354874962,6415.361111111111
456,36.0,0.1475017934163687,717.8838652289331,9.753318423547782,5740.166666666667
703,36.0,0.1474559411235858,439.1197367203687,11.007992333091249,3085.1388888888887
307,36.0,0.1473493802969679,298.11919077468355,11.156585037101694,2634.722222222222
928,36.0,0.1469424549112598,960.9690043667838,10.405335309053871,7746.666666666667
267,36.0,0.1469207960946304,1389.368028600444,11.988207850607257,9424.583333333334
1094,36.0,0.1468968454498608,623.6550911824328,10.48866556808577,4932.361111111111
918,36.0,0.146544780541331,657.7679946450131,11.295226625426617,5082.555555555556
965,36.0,0.1464405557250512,963.937646640112,10.165052971915207,7897.472222222223
417,36.0,0.1461527563779857,961.8777648830556,11.533195112941634,6792.388888888889
654,36.0,0.1460348306823597,680.8292279104508,10.225618665702443,6616.333333333333
1012,36.0,0.1458829689207453,740.0190948984939,10.122852365011685,5659.75
628,36.0,0.1458615167593823,999.5374627603234,11.689340314799496,6147.944444444444
124,36.0,0.1456483377487146,671.328690285082,10.799753096478453,4413.694444444444
1023,36.0,0.1455180524481897,726.1698544930119,10.18545429477438,5671.027777777777
325,36.0,0.145474684558894,724.4355505827261,11.4777831153037,5963.027777777777
567,36.0,0.1453809024792838,592.2049296797786,10.41309844554195,4890.111111111111
845,36.0,0.1453630948376078,715.2255462597559,10.898498466197733,5082.5
869,36.0,0.145264110623702,690.1343280826449,10.203868457694734,5634.138888888889
913,36.0,0.1452430186139,1052.5495251769985,9.813602652167102,8667.222222222223
179,36.0,0.1451383238158969,981.8024164290416,10.217582804430997,7208.472222222223
617,36.0,0.1451096094630039,763.3196017171772,11.302768083578796,6504.305555555556
951,36.0,0.1450665668211488,1193.686517090145,10.446469069361958,7922.305555555556
402,36.0,0.1446132493659706,833.8949276667145,12.02513854921045,5865.138888888889
605,36.0,0.1442715763868245,1031.2030786790103,11.141726473328411,7441.444444444444
1081,42.0,0.1442585529831617,614.6890633210563,9.748354064739814,6448.785714285715
308,36.0,0.144255022890358,1138.361279189042,9.775870801979249,8722.472222222223
828,36.0,0.1440321784104405,586.4377935139026,10.66631765889362,5090.166666666667
561,36.0,0.1439096723198978,930.124439283878,8.559794107297733,6865.444444444444
716,36.0,0.1437968189096052,742.8972259577207,10.539756079239506,5641.416666666667
930,36.0,0.1437899374401644,1045.7983125757016,9.837710247151067,6837.166666666667
759,36.0,0.1434575583638125,871.4638630018874,10.309642682661444,7069.222222222223
979,36.0,0.1433788734965234,829.6442670309458,11.18074390946348,6531.666666666667
215,36.0,0.1433684764991601,877.9091073737371,11.429982169539436,6324.583333333333
449,36.0,0.1433141195737279,1229.9671550137316,9.605675241736956,10489.166666666666
42,36.0,0.1429777824103769,1377.3908518394692,10.517048319305,9998.0
300,36.0,0.1427663527402482,1024.8094596930916,10.564067651034454,7625.888888888889
483,36.0,0.1424694058895342,548.6930985855114,11.318806617329331,4730.805555555556
170,36.0,0.1423568128359743,592.1356820366683,9.682619911289988,4107.611111111111
543,36.0,0.1422361286957336,370.0843307086355,11.469391367114646,2628.8611111111113
552,36.0,0.1421020456996969,1137.0798665390496,10.950374522610383,7605.194444444444
486,36.0,0.1420868879410362,606.0498662195376,11.2676906776137,4307.5
1011,36.0,0.1420520970731587,931.5455510079498,11.016790550971972,7045.888888888889
330,36.0,0.1420402507128484,500.9667888241413,11.18829558329406,3917.1388888888887
541,36.0,0.1420322203356021,843.2287831360925,10.36043264429787,6778.277777777777
739,36.0,0.1418387569301041,1428.3277711342123,11.673370999913883,10426.5
730,36.0,0.1415532689438054,910.519357740308,10.474258142550704,7166.527777777777
24,36.0,0.1415286766835933,1214.0953249885354,9.238550447445675,9724.583333333334
298,36.0,0.1414001154760648,1112.9121916255312,10.288453141961218,8497.138888888889
220,36.0,0.1413928725771316,740.7150955809348,11.932843667265397,4707.527777777777
688,36.0,0.1412203427544976,418.5991621027909,10.181296739261864,3558.8888888888887
822,36.0,0.1412044107273698,920.0918612085612,10.8733256180258,7449.611111111111
350,36.0,0.1406450192206801,833.8954434085398,8.945205111090416,7072.388888888889
724,36.0,0.1402463095958789,807.2442916228412,8.60267397752035,6731.055555555556
461,36.0,0.1400175207609638,602.286394375608,10.572104065871498,4672.944444444444
299,42.0,0.1395675071762383,936.2983466430828,10.225229039759787,8361.857142857143
924,36.0,0.1394535968173388,587.4508456229239,11.747702723539224,4423.972222222223
530,42.0,0.1394397228444215,1024.9816106839348,11.647556142992148,6944.619047619048
717,36.0,0.1393752437992789,732.1406903311757,10.304799806959638,5239.166666666667
60,36.0,0.1391914963252895,1086.126379265616,10.818806506095347,8751.0
571,36.0,0.1391199038983438,1095.816158418252,10.614904688066346,8367.361111111111
475,36.0,0.138664922570332,799.8200798167218,9.7217750973811,6132.861111111111
99,36.0,0.1385231526227709,733.779596818046,11.58463879986514,5628.888888888889
852,36.0,0.1385125677899055,501.2714883517292,10.191964898730452,4339.222222222223
453,42.0,0.1383911806565547,1344.1890107484785,10.687543584282649,10370.047619047618
750,36.0,0.1382463623262294,712.4879206898827,10.979130785493844,4884.055555555556
625,36.0,0.1382390428799432,789.2529818084574,9.074250527755243,6158.638888888889
973,36.0,0.1378601902331082,1022.1621256282556,10.853469642494307,6899.222222222223
405,36.0,0.1376020441082912,511.98626943106666,10.728156859390277,4431.861111111111
455,36.0,0.1374533635563242,1136.8452605236027,10.776822329499575,8147.944444444444
829,36.0,0.137407480115171,664.0693378947993,9.341189225822944,5667.861111111111
223,36.0,0.1371651541239955,928.2637912488958,9.472140620102405,7096.388888888889
242,36.0,0.1371115774091488,528.8794933983447,11.300877373447962,4057.0
705,36.0,0.1369809325432008,931.0418028227416,10.919045730157896,7859.305555555556
268,36.0,0.1369384392504468,683.387234092764,10.41748452920869,4702.416666666667
93,36.0,0.1368072786291802,714.2262706520315,10.063412688023751,5738.194444444444
176,36.0,0.136758661689843,560.238861498261,9.556365137372962,4931.972222222223
662,36.0,0.1365241694982897,994.304241112126,10.632217886850253,7827.888888888889
419,36.0,0.1364585254228651,638.9071111927373,11.490739866467232,5112.638888888889
881,36.0,0.1363978474904504,542.3086183593902,11.486563961558891,4032.6666666666665
410,36.0,0.1363185284077262,751.3035880689868,9.95417182711556,6262.388888888889
329,36.0,0.1361291067999402,807.3183833173354,9.85945054243193,6646.472222222223
177,36.0,0.1359425129385252,438.61216005476206,10.519383220033436,3686.027777777778
509,36.0,0.1359030202545976,762.426188216195,9.892066308913288,6056.555555555556
696,36.0,0.1358941399196241,1209.933488123876,11.460798161356008,9076.194444444443
841,36.0,0.1358033924858581,331.8356490983541,11.23809390557648,2514.25
992,36.0,0.1356672770259184,602.7829370093862,9.32439309754461,5034.361111111111
867,42.0,0.1356246291362328,492.8918531793845,9.516439397217228,4676.690476190476
338,36.0,0.1355392316922946,863.8660863811943,9.673046624781138,6807.027777777777
891,36.0,0.1354963422472215,940.7811171421554,10.998244110819256,7337.583333333333
385,36.0,0.1354716064570389,876.7378872031603,10.869633817058808,7179.805555555556
345,36.0,0.1354412483035674,624.4049506334514,11.30753994206662,4350.25
831,36.0,0.1351488269855707,1269.5405099054908,8.69717173155411,12018.194444444443
997,36.0,0.1350065938663277,637.1190763806819,11.433022036570357,4943.027777777777
503,36.0,0.1349574756991287,897.9118873347296,9.880139605600707,6909.916666666667
16,36.0,0.1349139664859683,900.2114806296098,8.870805375111068,8134.722222222223
29,36.0,0.1346952542079784,992.8744310364268,10.12093907568941,7827.916666666667
886,36.0,0.1345594005662775,770.7759143008952,9.864756225291046,6719.638888888889
708,36.0,0.1345524451277331,775.6110452863592,9.92095117428082,5832.416666666667
502,36.0,0.1344975834174844,1169.119119586073,9.485863265509884,10209.861111111111
166,36.0,0.1343318139709036,765.9283155544877,10.21866299303551,5521.694444444444
55,36.0,0.1340199376692163,596.6673589631563,11.08482775085125,4938.361111111111
785,36.0,0.1338308900214712,988.7020202126064,10.00922194479478,7267.055555555556
135,36.0,0.1336610128559995,799.8226964839201,9.764805591251118,6213.305555555556
982,36.0,0.1336340044828384,930.6561556312608,9.689553841442002,8251.111111111111
722,36.0,0.1334310227384819,931.8454665325823,9.610317492082933,7563.583333333333
67,36.0,0.1333684962546156,898.6818561695923,8.48619879729109,8206.611111111111
83,36.0,0.1333302157842933,424.80165439368034,10.698167826619043,3658.444444444444
238,36.0,0.1332211542256516,859.199105378927,8.763425324422816,7150.5
779,36.0,0.1330642709816908,556.117283450744,8.443705384952068,6876.611111111111
683,36.0,0.1330484977310316,837.5580777711473,7.838869264705332,7941.055555555556
932,36.0,0.1330420664057489,982.4912999503229,8.346020115849246,7440.0
1058,36.0,0.1330056834169531,764.5365591744894,8.898839522171155,6987.277777777777
114,36.0,0.1330024842373437,611.5338674376671,9.99489084093953,5182.944444444444
684,36.0,0.1329410223807774,1107.7140044068417,10.778436124449486,8998.25
894,36.0,0.1329288696580355,864.4781542429254,8.376633684261455,8228.694444444445
753,36.0,0.1328355095189641,925.4227712265216,9.6399948584675,7849.0
589,36.0,0.1328187039154569,758.0473056390857,10.373432556833812,5107.583333333333
540,36.0,0.1327982630146835,907.6114296786562,10.656328877190203,7011.777777777777
72,36.0,0.13275830214918,637.4705089111235,10.72931153374301,4428.861111111111
547,36.0,0.1326690901107279,833.9142732448873,10.870038230354844,6255.416666666667
576,36.0,0.1324134638538424,742.1554484541521,9.990586055569366,6629.166666666667
41,36.0,0.1320794778280639,725.2561798133426,10.348450706239923,5684.666666666667
275,36.0,0.1320315218544602,903.521853193576,9.636833104944747,6761.888888888889
649,36.0,0.1320077441838849,469.213942117879,10.126681132263236,3573.3611111111113
59,36.0,0.131878836191172,633.4274858009614,9.730300526725314,5300.944444444444
793,36.0,0.1314775997779192,563.8818132909722,9.900674435050098,4839.027777777777
291,36.0,0.1313100605074985,792.7861369460248,8.809148575978867,7743.583333333333
213,36.0,0.1313079517918317,1005.8993810835686,8.876205731231007,8440.111111111111
542,36.0,0.1309446880250782,729.0458696697456,10.11358820550793,6089.972222222223
844,36.0,0.1308752067105332,495.3077620906458,10.783106258373486,3993.527777777778
697,36.0,0.1307986330247063,1316.6866409497834,9.051067226646309,10620.444444444443
421,36.0,0.1307464574364022,1300.029480066976,10.51877284670212,10182.444444444443
680,36.0,0.1305143683342087,671.8274179359781,10.477832219004506,5290.277777777777
519,36.0,0.1303815577125618,626.8068402402085,10.477930456675873,5392.388888888889
681,36.0,0.1303700944413166,519.6343847599163,10.283449727479685,4010.027777777778
707,36.0,0.1303495492934833,979.7706245844754,9.558725671513654,8431.138888888889
231,36.0,0.1302682408440727,574.0222514611411,10.4059615731418,5016.694444444444
910,36.0,0.1302093802464721,672.9475412112415,9.817095592778298,5844.472222222223
1085,36.0,0.1301322866056308,777.4149179614789,9.482812405215096,7040.888888888889
900,36.0,0.130117192074303,830.8451112705332,9.616939498868645,6521.916666666667
232,36.0,0.1300843395228677,447.1687041421476,10.106938965583074,3799.3888888888887
9,36.0,0.1299746486805637,969.4145152740308,10.444404442095893,7324.25
218,36.0,0.129872966538868,422.00747541802815,8.931682757669185,4764.444444444444
12,36.0,0.1297981286438757,916.0639156957913,9.879265742860037,7575.055555555556
378,36.0,0.1297348673657342,814.7829337992296,9.739747401515414,6834.194444444444
283,36.0,0.1295394756301371,1111.7882939276192,10.033716131548704,7823.333333333333
784,36.0,0.1295328773971222,858.0736952599909,9.872279901686577,6557.638888888889
21,36.0,0.1295076096227988,730.92274146082,9.869698620608796,5812.722222222223
551,36.0,0.1294575305881859,1025.7587992538931,10.369794703762285,6687.888888888889
823,36.0,0.1293442750253663,610.7029827817719,8.81307448135683,5992.305555555556
830,36.0,0.1292883512883234,775.3004292370359,9.645269440533788,6327.305555555556
890,36.0,0.1292498518100696,782.5190719961885,10.516819670858611,6354.138888888889
433,42.0,0.1292189793391683,631.8466666385193,9.267099267093332,5585.571428571428
425,36.0,0.1291877452695045,418.6714206125176,10.452847992254762,3162.6944444444443
931,42.0,0.1291673451011362,615.8864931534386,10.097923090985615,4614.238095238095
803,36.0,0.1290480227166216,680.8379077305398,9.932658580740538,5706.055555555556
392,36.0,0.1290426095831378,862.4434237178745,10.055450188743158,6950.361111111111
1105,36.0,0.1290029685430818,621.8679797536937,9.522806043383108,5080.833333333333
96,36.0,0.1287494611058796,660.0464250202292,10.120428869748917,5209.416666666667
644,36.0,0.1287129604382045,1062.2345941885844,9.633492537144498,9011.944444444443
925,36.0,0.1287069010018544,905.5391826283984,9.33432221948726,7247.638888888889
1030,36.0,0.1286241115658434,428.49573331987574,9.683056160159968,3596.1944444444443
78,36.0,0.1286203640657366,424.05567645375686,10.196434706731171,3703.5833333333335
985,36.0,0.1285242608296285,1031.3145422537457,9.92557198487544,8563.611111111111
368,36.0,0.1284480610383736,1071.009934562038,9.141369764266278,10049.305555555557
505,36.0,0.1284104523785725,624.9140555865229,10.055978562180968,4747.25
614,36.0,0.1282496244162913,837.1072670071321,10.507045541599664,6625.388888888889
164,36.0,0.1280270095929919,802.1173505679973,9.655186293107349,6568.111111111111
978,36.0,0.127826179090844,821.8523701052659,10.385304945577284,7250.972222222223
88,36.0,0.1278203354765718,527.947523243105,8.997851195303838,6056.472222222223
1048,36.0,0.1277915987005708,953.9035286285892,9.870644565574828,7454.333333333333
463,36.0,0.1275041138495286,628.8843619600736,9.699538803679882,5830.527777777777
30,36.0,0.1274637508346151,487.61840777125025,9.795448016254689,3994.694444444444
53,36.0,0.1274114566185975,532.3473468454789,8.368714746094371,5409.25
458,36.0,0.1273809527173087,961.3404606555966,10.610180624441991,7802.972222222223
188,36.0,0.1272905340090057,730.9198219802213,10.922958638423834,5537.555555555556
57,36.0,0.1271387323018337,964.3515014238732,9.837937920602148,8705.694444444445
572,36.0,0.1270901017341211,819.7582297710171,8.911373733062216,6799.527777777777
285,36.0,0.1269325671927293,722.0728877020654,10.339453501338294,5536.694444444444
661,36.0,0.1268427204335866,893.6475179608602,9.640791539766678,7186.194444444444
608,36.0,0.1267464692778441,1085.4014389789818,9.409180431632535,9351.833333333334
816,36.0,0.1267129386922855,531.4540675688918,9.506273276007386,4603.833333333333
399,36.0,0.1266133426298605,748.7746631241969,10.34346617341953,5944.305555555556
976,36.0,0.1265836760336397,761.161386228051,8.82681782539236,6711.5
1113,36.0,0.1265449894939709,758.5217896187658,9.763232080973076,6564.25
200,36.0,0.1262771707505099,881.0569399155463,9.342006055403706,7557.75
424,36.0,0.1262429947410283,952.7709898098212,9.591105490979452,7266.111111111111
488,36.0,0.1262333090367825,433.4458644711187,9.322854775113372,3727.1388888888887
92,36.0,0.1261700827659443,691.2335487842871,9.350071972628662,6267.972222222223
537,36.0,0.1261450770553014,789.3042624738154,9.916200185817916,6094.722222222223
611,36.0,0.1261091004710134,728.5954219291247,9.94178470940463,6051.916666666667
377,36.0,0.1259499930609542,990.2326089060462,8.595107326829988,8379.027777777777
247,36.0,0.1258326739799094,912.8722163415936,9.633532201545778,8101.222222222223
19,36.0,0.1257754913591905,729.0837691484944,9.923467070619758,6589.527777777777
865,36.0,0.1257396964139351,968.7922374835372,10.22833108533662,7925.555555555556
387,36.0,0.12571627338038,952.303147819232,8.669619079613488,9300.5
833,36.0,0.1255932463735602,550.3945925232318,8.967238529426293,5329.388888888889
441,36.0,0.1255759166802572,780.7450404327983,9.138939096202888,6471.027777777777
1078,36.0,0.1255670799858058,848.1291935713516,9.820608582208369,7524.416666666667
1045,42.0,0.125294851859025,1075.7495514134496,10.176535171672649,8943.52380952381
570,36.0,0.1252737549298164,459.2761117832936,9.4392161191098,3923.3888888888887
834,36.0,0.1251356113517078,645.6199941831179,9.22611106334699,5928.944444444444
407,36.0,0.1249599187241273,544.283045602096,10.300016908978757,4287.583333333333
642,36.0,0.1248803914680469,350.2647074471744,9.621462216889109,3202.027777777778
210,36.0,0.1248505745397214,331.72023769924607,9.76613122545743,3016.1666666666665
113,36.0,0.1247985612459527,675.3629867976881,9.209606211208838,5813.583333333333
120,36.0,0.1247880615642098,847.682899407058,10.216267095378468,7171.888888888889
1110,36.0,0.1247840689696189,540.5062068586228,9.413604334115853,4429.444444444444
384,36.0,0.1247695305050727,1099.7011856977583,9.186762148415628,9179.111111111111
1086,36.0,0.1247643164052979,565.3693711180099,8.77187593856603,5857.194444444444
1082,36.0,0.1247476177103896,688.7587697718867,9.601927834382511,6518.638888888889
536,36.0,0.1246752543910513,907.8376725356876,8.916323633530638,8063.0
1051,36.0,0.124496070995977,903.9146480419964,8.899850198119697,8032.777777777777
444,36.0,0.1244052724121894,1403.8798204293248,10.14540406648607,11744.888888888889
219,36.0,0.124385132978011,383.6210177241946,10.225333815368373,3065.277777777778
879,36.0,0.1243512561462742,466.7042619551912,9.389484304875378,4106.861111111111
663,36.0,0.1242586577694851,861.0530632302253,9.183512809949196,6185.694444444444
248,36.0,0.1242172604448876,913.0010159424462,8.567776274881853,7990.305555555556
28,36.0,0.124174554290117,440.67142215152097,9.000488497628718,4606.861111111111
412,36.0,0.1241020740875476,1094.8413440224087,9.674910854072442,9544.972222222224
212,36.0,0.1240844197235974,550.5941578624562,9.237492494397332,4576.972222222223
225,36.0,0.124056778543141,608.6366816566243,10.604002766357713,5466.777777777777
1029,36.0,0.1239183169191067,500.0759149461269,9.743335858500291,5202.138888888889
305,36.0,0.1237344653098192,746.8347620604443,10.04149868770386,6218.027777777777
366,36.0,0.1236716867603684,608.607030995501,9.80955577397277,5975.638888888889
43,36.0,0.1236642184302212,752.1646894883065,8.879379969173389,6301.25
580,36.0,0.1236420267224192,1091.3339953925251,8.54888887719329,9712.5
327,36.0,0.1234449398916009,826.5961497248456,8.322320344918843,7774.722222222223
579,36.0,0.1234200987330273,892.6223604008496,9.68639753002718,7702.916666666667
1095,36.0,0.1234181808229209,587.0120332583515,9.50124932134466,4634.777777777777
1066,36.0,0.1233787206761702,1155.0567903345138,8.605795794700507,9485.861111111111
603,36.0,0.1232380515201693,784.3963539983804,8.160064052671572,7146.055555555556
380,36.0,0.1231801302027787,1467.6240296547646,8.19084376556542,13777.916666666666
47,36.0,0.1231728620717256,856.245844969978,9.105002848546969,7242.25
351,36.0,0.1231290417219241,683.5110384256124,8.845995818905239,6088.611111111111
226,36.0,0.1231040528669526,765.6350204776517,9.395365885419778,6663.0
527,36.0,0.123029824829307,1243.8994731851883,9.490249264833857,10723.138888888889
50,36.0,0.122987344002766,508.6605833869002,9.255834339252228,4495.805555555556
749,36.0,0.1229367444867949,612.6626782470763,10.439413063726258,4627.083333333333
1062,36.0,0.122884499867008,665.6248436483993,9.608209897152827,6186.138888888889
584,36.0,0.1226253973506586,585.0262458889854,10.10323216840116,4925.111111111111
655,36.0,0.1226020527325362,955.8744226472425,9.207028804530712,8441.388888888889
1043,36.0,0.1225758640683456,908.3642354160588,9.326502399132048,8066.916666666667
56,36.0,0.1225212230550856,951.3639714647588,9.605631842317525,8320.972222222223
97,36.0,0.122437143774341,812.9861427971894,8.953048391207593,6862.444444444444
479,36.0,0.1224350111364323,1077.209190341855,8.331680147963715,11339.583333333334
40,36.0,0.122367516168544,506.05223596825107,8.281557630935582,4375.305555555556
1115,36.0,0.1222956997603122,852.270125046971,9.65188567385727,6943.972222222223
577,36.0,0.1222226227552933,546.3794649387502,8.75176829843889,4901.166666666667
101,36.0,0.1221924833067515,836.0064156130322,9.42411271981458,7765.861111111111
420,36.0,0.1221783336768458,668.905694470569,9.512076293792296,5130.194444444444
125,36.0,0.1221466001721663,1307.8790319648333,8.242278485487903,11987.722222222224
586,36.0,0.1221186560116515,1532.8883208148593,7.692999832353885,14791.944444444443
243,36.0,0.122077728945469,779.1387142031318,9.340952205644896,6810.0
754,36.0,0.1219923772052704,824.0359676325924,8.983790451109716,7031.555555555556
322,36.0,0.1219808776235303,605.5976245392978,9.375286076590802,5110.888888888889
961,36.0,0.1218914004832447,667.242367307601,8.506076092479155,6361.972222222223
548,36.0,0.1217814272817718,556.3010525171826,9.744272019550875,4888.166666666667
35,36.0,0.1217414391152125,1266.5761786036192,9.57689739013528,10721.361111111111
639,36.0,0.121699354256191,456.6304231519955,9.145979420621154,4249.111111111111
409,36.0,0.1216970208394296,737.6282123366202,8.891972933300437,6306.583333333333
62,36.0,0.1216658194276145,685.1606042174877,8.115222278095903,6447.444444444444
391,36.0,0.1215211771756176,536.4462890482013,9.503598152794543,5250.972222222223
370,36.0,0.1214993027741203,926.8432184074636,8.778700517974885,7925.166666666667
585,36.0,0.1214815127001419,624.4949544225676,10.097012551968335,4993.194444444444
169,36.0,0.1214340684329527,687.9835218048429,9.11146883784908,5791.083333333333
181,36.0,0.1214144540360749,659.6695655913906,8.957351605378168,6134.305555555556
604,36.0,0.1214103794854343,809.1142514049369,9.997000068515554,6961.138888888889
129,36.0,0.1213932430534382,998.3476237689372,9.514432232016242,8309.694444444445
339,36.0,0.1213415064021737,570.5227713745185,9.742283037390692,5324.972222222223
174,36.0,0.1213284150950291,707.8439986350767,8.954704540328718,6181.083333333333
818,36.0,0.121284450932037,788.2960049100249,9.265776952599156,6089.277777777777
1099,42.0,0.1212001331121801,1087.0819983829897,9.014481892709313,8317.547619047618
656,36.0,0.1211501199134933,399.2262699424057,9.965565248160296,3299.222222222222
770,36.0,0.1210148397018047,586.2479009828547,10.012591513571117,4745.805555555556
367,36.0,0.1208436642215994,624.418464608629,9.306759225516789,5485.25
1005,36.0,0.1208376155581847,699.7950182799168,8.966551367008083,6105.666666666667
236,36.0,0.1208203125404053,763.66628261601,8.931596429272656,7368.638888888889
289,36.0,0.120807364564191,707.9685820485529,9.742026565683016,5876.166666666667
468,36.0,0.1206598275508325,814.883637486114,9.984460714951997,6406.111111111111
395,36.0,0.1205683289511956,428.3265515947009,8.7310705674157,3837.527777777778
972,36.0,0.1205661394707672,351.78450739627215,9.04994547777685,3247.6388888888887
15,36.0,0.1205514489633661,805.0811490539359,8.869450157481127,6823.333333333333
185,36.0,0.1204258497763023,753.1706399798289,9.066736684652106,6492.277777777777
668,36.0,0.1204226417375533,877.7456542153583,7.940271155311245,8876.777777777777
317,36.0,0.1203963930332221,634.1828080433504,9.6311867610572,5627.388888888889
418,36.0,0.120194707624954,528.3756043666546,9.262633670283252,5152.027777777777
987,36.0,0.1201672708591814,863.3066353297569,10.231702260777492,6561.722222222223
702,36.0,0.1201581640823186,529.0258121607377,9.552517768588116,4210.638888888889
862,36.0,0.1199132656867205,881.4406151862513,8.74835068127386,8312.722222222223
780,36.0,0.1198608765251668,709.1492402776972,9.11743873127879,6380.416666666667
80,36.0,0.1198443055112907,918.3696878988344,9.371172630102228,7997.861111111111
429,36.0,0.1198203878924071,566.9441006973113,8.708205186501477,5261.805555555556
398,36.0,0.1198036444789253,628.8400996929322,9.647090273197938,5560.527777777777
173,36.0,0.1197934441652393,864.217641469093,8.618136794272349,8061.333333333333
230,36.0,0.1197638157565028,928.6103866369884,9.153552774317523,7839.333333333333
278,36.0,0.1197510352641925,788.1868077692778,10.019285775309664,7196.611111111111
933,36.0,0.1196304290649171,731.6298193961287,9.20250107784244,7315.361111111111
347,36.0,0.1195444254159428,596.8270753441907,8.988804743857031,5325.5
258,36.0,0.1194269600084557,680.7031455137658,9.816469491825192,5836.833333333333
476,36.0,0.1193765070671976,562.9445278785205,8.45176653885169,5853.305555555556
767,36.0,0.1193658222385184,662.9512025098068,9.64354286489325,6081.222222222223
1013,36.0,0.1193038323861717,447.7099628577967,9.676956854122915,3534.25
68,36.0,0.1192996364028228,1023.577851207715,9.930253076266292,8250.527777777777
1032,36.0,0.1192814640283058,833.6584203177136,8.717197682206956,8998.916666666666
791,36.0,0.1191906875353411,940.827663112718,8.748314805282767,8490.944444444445
1060,36.0,0.1191449715558902,769.710573896778,8.905757225003159,7213.888888888889
507,36.0,0.119027025551978,1012.3171648406276,8.268589475285756,8412.944444444445
941,36.0,0.1190240663445167,599.8151553407023,8.91706088022813,5319.388888888889
666,36.0,0.1188199978417541,951.899972139482,9.308404962702358,7391.861111111111
986,36.0,0.1187870809593705,611.39625248126,10.625122390339104,4889.638888888889
775,36.0,0.118710743717853,925.355498938296,9.053929062190658,8428.111111111111
746,36.0,0.1186564139287243,773.2765756510021,9.558099095373436,6649.333333333333
203,36.0,0.1186335152625154,803.4923532162071,9.238964856878082,6919.638888888889
1001,36.0,0.1185956921126802,642.5448680069785,9.57023564012423,5777.944444444444
138,36.0,0.1185620497007184,707.7546345204669,8.228273519414051,7669.361111111111
105,36.0,0.1185572091477305,530.0830095194614,9.435483304167724,5132.222222222223
310,42.0,0.1185515965343793,891.0911861090059,8.659023121732423,8622.214285714286
51,36.0,0.1185509339886368,803.4438202769683,9.015756800464636,7156.25
805,36.0,0.1185425875519251,594.2201662411268,8.43712617451514,5433.138888888889
448,36.0,0.1185247240072314,865.0966805010555,9.329994679889884,8281.555555555555
1093,36.0,0.1184328746563248,983.115913626098,9.8667191182952,8464.555555555555
290,36.0,0.1183974526708607,696.493056836321,8.11721242241314,6926.611111111111
952,36.0,0.1183654784590674,720.6636725289936,9.327361355652728,6067.861111111111
711,36.0,0.1182685493131924,677.6282499951756,8.976450981683588,5694.361111111111
106,36.0,0.1182462377151479,959.3027460492044,9.071536021336096,8961.361111111111
601,36.0,0.1182049253017486,561.3970179577427,9.21587322233701,4874.722222222223
315,36.0,0.1182007626544857,466.9222105066591,9.383629263527489,4434.416666666667
328,36.0,0.1181949034888678,465.8111179667821,9.097941449619142,4359.083333333333
52,36.0,0.11809647836221,753.5638012724771,9.314024227817436,6591.277777777777
718,36.0,0.1180373696995802,760.3672063752081,9.368256259290954,7278.694444444444
798,36.0,0.1180337337244253,674.4484335960144,8.650738373788283,7243.388888888889
266,36.0,0.117940650322011,465.2629073702964,8.741513496271475,4092.194444444444
1070,36.0,0.1178087340924177,800.0606628060251,9.7935640750295,7188.833333333333
761,36.0,0.1177438449879302,894.887031266802,8.085610166476025,8947.888888888889
470,36.0,0.117723258205455,1312.1190152002116,8.848813020531141,11805.25
524,42.0,0.1176511568735237,734.8867979751193,8.565791746793616,7689.9047619047615
1057,36.0,0.1176396639265316,622.6016109305866,9.29298158083851,6126.75
520,36.0,0.1176073132108829,458.63087214123846,8.833611486769904,4270.666666666667
77,36.0,0.1174895112833661,849.065031648047,8.615444373655563,7880.694444444444
406,36.0,0.1174548617495825,822.596698166551,9.31955582742077,7318.305555555556
801,36.0,0.1173661801550098,664.6133555016106,9.794871423244414,5565.194444444444
37,36.0,0.1173521707646551,699.0376515752156,8.956135214273726,6655.666666666667
847,36.0,0.1173295973293496,726.2609634274475,8.751846217840017,6575.527777777777
184,36.0,0.1173138810610883,685.9998095186259,8.531009550282324,6372.527777777777
234,36.0,0.1172996328417927,1112.4283026034204,9.184311711455912,10249.583333333334
344,36.0,0.117235078214972,1114.6659416191717,8.923392524937386,9490.277777777776
1108,36.0,0.1172245536986594,592.3483649366002,8.813848945507369,5824.361111111111
235,36.0,0.1170430997793127,640.9808881760866,9.840983795930908,5386.194444444444
158,36.0,0.11700064627832,922.4619010858498,8.884491882911096,8352.555555555555
63,36.0,0.1169697551265014,735.2512479133767,8.938197646580674,7495.055555555556
1002,36.0,0.1169552430100889,758.5168648957854,9.744939538841273,6769.138888888889
1063,36.0,0.1168885151118555,461.8616948958773,8.602835373277182,4363.472222222223
597,36.0,0.1168818105447969,553.8919673938016,8.201820309034446,5193.055555555556
917,36.0,0.1167923599986992,739.4421199370562,9.29577337645503,6416.5
462,36.0,0.1167358716343641,514.7287547356877,8.7018134251814,4484.722222222223
939,36.0,0.1167045302907161,680.6759823670584,8.217980871620851,5848.777777777777
1090,36.0,0.1166604456881944,666.5538594581486,8.785397936742193,6469.083333333333
1031,36.0,0.1166359843454656,464.919711160331,8.605938090667937,4753.25
800,36.0,0.1166035488683119,470.81214598380205,9.238744451082177,4615.527777777777
573,36.0,0.1165813030562374,493.6969937805966,9.352842021953194,3873.777777777778
136,36.0,0.1164681621337464,632.2264146036148,9.357223105715226,5616.583333333333
281,36.0,0.1164321229531066,659.5426236253656,8.996555767762434,6088.888888888889
473,36.0,0.1164283586864884,338.1175857532739,8.645145953611653,3259.277777777778
2,36.0,0.1164261960466665,623.2766910004215,8.961067724784295,4944.722222222223
553,36.0,0.1164080300849458,818.7034406040851,8.636172620337437,7531.055555555556
321,36.0,0.1163895951445348,677.4954201625721,9.587238184257467,6100.027777777777
457,36.0,0.116323042849784,607.3420083179738,9.587417160379372,5543.527777777777
627,36.0,0.1163227921141601,755.6026382946895,9.712732540617894,6843.027777777777
428,36.0,0.116303449555318,795.3379456659433,9.662858561289037,6683.944444444444
361,36.0,0.1162063741353797,659.9229972780017,9.20907924695377,6239.666666666667
26,36.0,0.1161970890618637,783.5996219590564,9.18835133389651,6832.444444444444
660,36.0,0.1161851882304556,629.3931024267781,9.19500987632478,5314.361111111111
591,36.0,0.1160704409000437,657.1323369496279,9.540359613747304,5786.416666666667
430,36.0,0.1159427999500588,987.9822438010226,9.2931155180939,8853.083333333334
1065,36.0,0.1158812224667658,458.6044987233882,9.509381398560908,4292.722222222223
489,36.0,0.115860051081499,711.2167912284988,7.515572256498733,7505.611111111111
153,36.0,0.1158226535836292,701.6087593222264,8.51930537308016,5948.333333333333
809,36.0,0.1157684446927482,911.3443086433274,7.964386072121608,9351.055555555557
1036,36.0,0.1157063322071747,487.0341381839943,8.01636063402142,5027.416666666667
442,36.0,0.115592375608209,447.8502173817811,8.727046868181855,4588.472222222223
293,36.0,0.1155864022783533,599.8699485098376,8.905874454052311,6025.361111111111
131,36.0,0.1155826689170965,553.4943545012451,9.39712998911246,4998.611111111111
602,36.0,0.1155755822144625,695.081874746408,8.24347365628751,6344.388888888889
619,36.0,0.1153871384100976,542.7014215985132,8.377602120714158,4352.361111111111
22,36.0,0.1152786601121728,571.6603635865613,8.95969363682862,4852.055555555556
1016,36.0,0.1152462303276775,591.3183285804135,8.941009984883948,5561.972222222223
1047,36.0,0.1149879550566645,642.5019908726208,9.449933528419354,4870.305555555556
340,36.0,0.1149192893014572,782.0288809970414,9.234767444938214,6811.055555555556
478,36.0,0.1149184293147858,649.1485346223783,8.514437922084108,6744.388888888889
208,36.0,0.1149077322346753,340.70828693365223,9.40834601916152,3117.6944444444443
318,36.0,0.1148968525969647,806.3281864422972,9.179690592336891,7319.5
17,36.0,0.1148849783243285,662.2967601579932,9.243001828817183,5977.694444444444
10,36.0,0.1148692853862011,679.2301321847465,9.38742612395537,5912.75
820,36.0,0.1148612588716638,1370.366626153468,8.666007657369079,11956.083333333334
690,36.0,0.1148475192594413,601.2603435500031,9.02438325648946,5387.333333333333
732,42.0,0.1148434088106256,949.9589712941488,8.876862526293298,8216.92857142857
812,36.0,0.1146132157635067,549.0453762131945,7.89174817847903,6235.666666666667
901,36.0,0.1145643462644437,814.0480842813938,9.2309116527115,7076.555555555556
126,36.0,0.1144941378020229,566.437571375014,9.164139042971968,5306.861111111111
781,36.0,0.1144899630533247,486.2080236652234,8.901623540129254,4534.444444444444
264,36.0,0.1144507043431028,725.1249811520391,8.885308298482743,6624.916666666667
594,36.0,0.1144358962452317,465.4649270877447,9.419006704691014,4274.777777777777
699,36.0,0.1144000789712777,894.8897353910281,8.36132933214083,7752.277777777777
379,36.0,0.1142697440613215,434.1948145284731,9.235326750249238,4075.5
790,36.0,0.1142394600447943,815.4159259771162,9.00776642544543,7566.916666666667
171,36.0,0.1142023091260318,783.3876016890439,7.587709970557427,7926.75
762,36.0,0.1141983914460256,454.0770334209394,9.42871828704514,4328.388888888889
824,36.0,0.1140388913424981,817.6122535661374,9.14993814755038,7380.638888888889
376,36.0,0.1140346429219282,827.9047546363914,8.486039928680794,8076.472222222223
304,36.0,0.1140274663917079,826.8101586973635,9.213648114951663,6715.75
1050,36.0,0.1140140554034024,770.5236395563908,9.764834847762286,7042.0
481,36.0,0.1139890905786994,589.9461437597171,8.964062026340825,5795.027777777777
832,36.0,0.1139880026591383,710.1934296391844,9.562043174019804,6682.583333333333
558,36.0,0.1139659282163747,370.2029771889618,9.409016041515152,3318.6666666666665
1042,36.0,0.1137187091497772,485.14071531055794,9.459596475794951,3965.9166666666665
411,36.0,0.1136712235057556,977.9792234124814,9.211925872892648,9514.5
294,36.0,0.1135973907789782,627.5224154698776,8.695696200304154,6275.833333333333
593,36.0,0.1135728093655841,974.45524209336,8.585189080766117,9713.194444444443
714,36.0,0.1135426039986203,583.5369834683448,8.97234454033965,5333.361111111111
121,36.0,0.1135322868079261,464.90741811960913,9.777507824182734,4105.638888888889
346,36.0,0.1134273561187195,754.0658765807564,7.423285269059347,7501.0
372,36.0,0.1133511358769133,1013.8163214291272,7.606756906366301,9114.5
217,36.0,0.1133102899051982,561.1832622973249,8.883552070188532,4977.5
903,36.0,0.1132080096054311,1408.6522658562171,9.1364487465401,12018.777777777776
1006,36.0,0.1131558129093264,698.9302842411274,8.870838314191856,6784.972222222223
687,36.0,0.1131273035996132,968.4952848765964,7.942868839144587,9012.833333333334
133,36.0,0.1130032572757924,543.9492613260285,8.441754558127771,5774.333333333333
33,36.0,0.1129923201598323,924.667610123412,8.851018589589241,8056.222222222223
432,36.0,0.1129573803881372,1000.8554651487168,7.717018194114729,11545.694444444443
360,36.0,0.1129457482454854,693.6644024305656,8.706493271608638,6884.083333333333
648,36.0,0.1128810246049064,651.8600041886722,8.57552596712292,6379.888888888889
897,36.0,0.1127764173590588,369.384107687828,8.738135950680183,3227.0833333333335
331,36.0,0.1127604727276284,551.5092250997496,8.423525820471358,5614.861111111111
1100,36.0,0.1127415678449038,537.5519473992865,8.532371541638671,4952.055555555556
843,36.0,0.1127049176681251,1097.7927717960467,8.975130817989974,9549.444444444443
981,36.0,0.1126885186094706,700.8707934216549,8.405875021757254,7061.861111111111
620,36.0,0.1126675410404219,1009.1825914366518,9.553687049822472,8832.722222222223
559,36.0,0.1126412813232571,657.1393204975212,8.862995301541293,5825.472222222223
991,36.0,0.1126091805225227,649.7978769739924,8.802883590102017,5768.222222222223
1034,36.0,0.1125975758979082,618.6140853382842,9.23934355868552,6184.833333333333
189,36.0,0.1125758990257163,840.2219706440327,8.003251643108698,8357.111111111111
647,36.0,0.1125571650562939,698.407059739302,9.07111965803144,5930.916666666667
371,36.0,0.1123186448547725,724.8756449963994,9.088119707298585,6672.055555555556
1079,36.0,0.1123101118012946,864.2999816543153,8.989565759278422,8421.333333333334
91,36.0,0.1122991881043725,506.2997522010868,8.736849046958012,4673.305555555556
980,36.0,0.1122555856660291,649.9441522858206,9.0172633137074,6028.111111111111
70,36.0,0.1121988126779604,663.6937657337282,8.331783288604374,6692.5
921,36.0,0.1120519798457308,734.5259834341683,7.858684997286845,8304.25
508,36.0,0.1118892904717666,801.2152145008869,9.159336314859448,7275.472222222223
228,36.0,0.1118527446765768,805.3624547840228,7.26131441027573,8180.444444444444
296,36.0,0.1117830597502091,765.7795972867683,8.747374695895498,6938.805555555556
566,36.0,0.1116621437674909,568.6532827476769,8.890821637436487,5393.805555555556
303,36.0,0.1116197323038847,687.5700434583271,8.747694652943181,6117.222222222223
940,36.0,0.1115949252004459,798.7487532898895,9.043952261662096,7540.361111111111
440,36.0,0.1115331234691933,561.340920969075,8.453035816170688,5386.944444444444
150,36.0,0.1115229501662281,903.517119907526,7.739127761642699,8841.0
187,36.0,0.1114277746744735,657.5630345327368,9.020916359104088,6255.083333333333
797,36.0,0.1114058798553739,557.5317190346011,9.39419756833127,5122.055555555556
38,36.0,0.1113974381094695,725.2790551339218,8.832342383158691,6084.333333333333
472,36.0,0.1113307278956097,591.9039327978361,9.200812873417114,5296.75
122,42.0,0.1111392630886787,916.3683467034716,8.851077713707268,8113.5952380952385
45,36.0,0.1111254804209268,598.0398072777106,9.178053547443715,5342.833333333333
521,36.0,0.1111110420587247,532.1627879687788,8.81162012697359,5239.5
451,36.0,0.111097429235946,636.1192498033496,8.258216809620562,5714.527777777777
216,36.0,0.1110946922709895,744.5137500792173,8.345832702307721,6706.444444444444
272,36.0,0.1110885351903969,669.0474819425601,7.656565574411148,6170.722222222223
904,36.0,0.1110561063323008,604.6265333990577,8.4118845406149,5851.166666666667
112,36.0,0.1110204758201701,773.0702767798043,8.917310055382128,6434.5
971,36.0,0.1110045836336256,978.3244950728752,9.514730164905796,8788.861111111111
117,36.0,0.1109498228288902,375.79055959050373,8.525408940906592,3617.8333333333335
821,36.0,0.1108852217769793,801.7612765448848,8.500127892466928,6917.444444444444
460,36.0,0.1108699852695128,458.55048743192987,9.068671777151554,3875.805555555556
709,36.0,0.1108580290365029,874.9407296379356,7.0088725479603164,10201.805555555557
1096,36.0,0.1108418245435604,659.7059030566668,8.363429207550494,5844.527777777777
835,36.0,0.1108193214619088,491.6089792744896,7.517817593879784,5337.361111111111
465,36.0,0.110796762440569,830.1551752176165,8.379580830379997,8131.444444444444
413,36.0,0.1107306749920986,643.4431568769087,8.223432886579227,7115.027777777777
495,36.0,0.1106706034802974,529.3443569321395,8.921218120298947,5533.083333333333
118,36.0,0.1105159856298622,852.40507183052,8.694959074374871,8396.111111111111
23,36.0,0.1105152111018248,545.6703120634838,8.311402407924765,5456.583333333333
804,36.0,0.1105008876588132,576.7416253924453,9.545440818294532,5186.472222222223
110,36.0,0.1104026903375931,527.4137399951957,8.850922241556393,4785.416666666667
953,36.0,0.1103818295622432,461.5959507982241,7.868431408716342,5277.222222222223
592,36.0,0.1103595935000553,400.4505031640491,8.746565384703603,4221.638888888889
1015,36.0,0.1103258283607862,639.4439411102944,9.082615628656022,6176.416666666667
199,36.0,0.1102693209785277,837.8867149847729,8.998249991841673,8309.222222222223
197,36.0,0.1102523114255793,695.1246395285699,8.654187395773812,6723.333333333333
393,36.0,0.1102441606181179,601.2739516287502,8.251553084725897,5930.027777777777
276,36.0,0.1101458055792526,393.5597963423389,8.807078741781787,3635.6111111111113
814,36.0,0.1101422321753391,802.8081593322956,8.606593549774297,8446.166666666666
796,36.0,0.1101298826390115,730.034144338598,8.420887160192917,7520.055555555556
167,36.0,0.1098926000621852,806.9014100742036,7.47373548643825,9320.527777777776
606,36.0,0.1097739838224747,566.9854821008558,8.603172333487322,5632.472222222223
851,36.0,0.1097558392501246,560.9673184604796,9.354219841251227,5273.694444444444
1004,36.0,0.1097033822131806,554.5356320838135,8.455750314821275,5544.444444444444
772,36.0,0.1096218553090597,428.27603768041735,8.901805291088651,3975.527777777778
634,36.0,0.1095701527192157,605.1587575089596,8.384880881574476,6641.472222222223
872,36.0,0.1095531775938937,771.2725227637354,8.779201209707042,7341.833333333333
912,36.0,0.1094564558671342,608.992438985803,8.681249442881969,5828.0
712,36.0,0.1093575896405905,644.9470641983451,8.876989986980927,6045.75
777,36.0,0.109324010922711,442.35632483998427,8.835493766066179,4500.722222222223
100,36.0,0.1093157698061838,861.8791452699871,8.581745629113383,8202.611111111111
467,36.0,0.109246505890008,1308.2760557298614,7.797835532328413,13271.361111111111
89,36.0,0.1089327311380894,648.3463114873945,8.6708953191087,6185.916666666667
748,36.0,0.1088473588223594,587.2401540575032,7.651128703477271,5640.055555555556
861,36.0,0.108827269452012,384.74830151776456,9.162135905813653,3900.555555555556
128,36.0,0.1087335648580057,858.1094666541898,8.332946670379322,8481.388888888889
1010,36.0,0.1087092756654269,975.062451919928,8.767588420516773,9494.75
1106,36.0,0.1086322588392762,505.1389003483593,7.937147721274846,5039.416666666667
937,36.0,0.1085243207593917,765.0799711162316,8.142459371410476,7541.916666666667
435,36.0,0.1085122001548824,358.3719377418035,8.553264857120634,2991.8611111111113
825,36.0,0.1084777333173951,589.5633660828624,8.557728965826637,5089.25
878,36.0,0.1082892329564104,742.7503327215868,7.489906254731617,8336.055555555555
870,36.0,0.1082836095249065,645.6642918156781,8.341017290348834,6881.861111111111
860,36.0,0.1081009963313005,681.2654626825928,8.503854759171098,6494.361111111111
143,36.0,0.1080283476052232,588.6942099421298,8.254354530109625,6320.083333333333
492,36.0,0.1079323465718676,775.0648886199479,7.533250881827171,7912.083333333333
306,36.0,0.1079136676521295,536.9527471769444,8.8306404316083,4697.361111111111
1083,36.0,0.1077868388561794,579.3103301367128,8.678739109044614,5735.138888888889
669,36.0,0.1077376031272705,535.2013794496432,8.446092193033943,5044.111111111111
650,36.0,0.1076820298235041,633.2828552184775,8.414291172262207,6349.0
434,36.0,0.1076014971969179,1011.8083156235786,8.480763290840105,10212.833333333334
893,36.0,0.1076010921074907,628.7823592521984,7.447075694491762,6272.194444444444
721,36.0,0.1074301553714615,794.5028098406641,8.397390091021274,7701.944444444444
186,36.0,0.1073796074763649,397.09088074007315,9.02673868547111,3985.277777777778
999,36.0,0.1073575482477651,1004.8779104354884,8.457890772923054,9092.888888888889
257,36.0,0.1073159304350743,568.4680297470705,9.130820434783764,4975.583333333333
394,36.0,0.1072843474002621,938.9029984855748,8.231048093370205,8716.833333333334
239,36.0,0.1072249143574801,528.1882676683712,8.074064780816448,5212.166666666667
555,36.0,0.1071940379706842,512.8507241467416,8.794206910095708,4858.416666666667
496,36.0,0.1070185289863858,747.6107003978603,7.986303790527495,7646.972222222223
859,36.0,0.1069912867119538,830.9791007190627,9.05775273723938,7944.555555555556
426,36.0,0.1068541029397063,495.575776779531,8.103853989091286,4843.416666666667
677,36.0,0.1068500984305341,725.8916092868391,8.693881589078158,7004.555555555556
443,36.0,0.1067097565144339,534.1207100348311,9.380351700988546,5175.083333333333
474,36.0,0.1066135609928849,712.1607545781436,8.773897380965758,7275.972222222223
249,36.0,0.1065909529712682,548.2555065405303,8.782113041165301,5394.916666666667
439,36.0,0.1065699018712474,645.1131075371255,6.969709018014603,6879.777777777777
765,36.0,0.1065156431974243,941.5365223219752,8.293151914733114,8769.444444444445
130,36.0,0.1064505643809005,540.7531863443029,8.538608667474932,5248.611111111111
319,36.0,0.1063276892305012,721.3676204504416,8.783740674489184,7393.722222222223
348,36.0,0.1062310407230946,968.2435768360248,8.108973849555642,9095.888888888889
887,36.0,0.1062292519793702,639.1378209079489,7.6320731476739265,6926.75
161,36.0,0.1062095141105237,740.2616137604733,8.006817013786668,7223.138888888889
549,36.0,0.1061844623078717,478.6530492526618,8.80450797411489,4768.861111111111
295,36.0,0.1061679536583879,663.1706510240946,9.27218022568164,6139.583333333333
82,36.0,0.1061328663527418,997.51003265621,8.284793187728507,8957.694444444445
190,36.0,0.1061085839805074,816.5766363305162,8.127200139189311,7863.444444444444
1020,36.0,0.1060963284243101,893.6163939543858,7.615484798537336,8611.055555555555
240,36.0,0.1060875135336926,469.4803670863776,7.944135584133,4767.444444444444
341,36.0,0.1060736340659048,600.2599598999542,8.490990841334387,5571.277777777777
731,36.0,0.1060704829005327,934.8830680782776,7.886008449073066,8857.305555555555
284,36.0,0.1059629661848241,595.1512580701457,8.049044942632595,5496.888888888889
477,36.0,0.1059171520046457,731.3016705794888,8.63497473396697,6520.0
65,36.0,0.1058589726608382,439.3631557686992,7.491429409920984,5095.611111111111
808,36.0,0.1057380948578561,792.9492810398996,8.417328630425628,7540.416666666667
140,36.0,0.1055464362310897,752.3920704626368,7.602336980338223,7519.444444444444
734,36.0,0.1055328330977662,493.9477314841159,8.864404962356305,5103.5
222,36.0,0.1054753641318909,540.0111314278051,8.125923589794432,4904.444444444444
66,36.0,0.1054022721471248,634.6305393982062,8.614017590867077,6354.027777777777
626,36.0,0.1053337233207782,946.8341277155234,8.290210935300859,9312.833333333334
39,36.0,0.105112758011989,530.8347198876854,8.256113385168023,4716.527777777777
1000,36.0,0.1050877215634265,693.7901542750485,7.868375615638082,7088.527777777777
740,36.0,0.1050819848179074,832.4316469358344,8.959928457622773,7846.777777777777
389,36.0,0.1050405907763704,988.9707444295564,8.119542105268456,11026.055555555557
490,36.0,0.1050372374472704,816.8867923032303,7.864896389268548,8121.444444444444
312,36.0,0.1049369110999309,574.4215948195473,9.02907875563918,5510.111111111111
145,36.0,0.1049075684519377,781.502581031936,8.240645916098368,7915.361111111111
333,36.0,0.104816092643461,960.77274410821,7.582320549735674,10068.888888888889
1017,36.0,0.1048116539536604,573.2848881550316,7.882227311483067,6290.777777777777
1026,36.0,0.104766166044829,899.52676100333,7.983523914270764,9133.944444444443
674,36.0,0.104731253364522,698.8492035843452,7.463747843681635,7792.083333333333
624,36.0,0.1047284707211178,648.2259381772567,8.337135127166363,6706.111111111111
3,36.0,0.1047239645206025,752.9491891734084,8.145337549279425,6836.555555555556
556,36.0,0.104707047792088,671.2339000563611,7.9547672983327935,7094.944444444444
237,36.0,0.1047035613976385,472.7977620875539,8.062549530667582,4638.0
1061,36.0,0.1046506468217093,863.0081174601127,8.322470735522808,8327.472222222223
515,36.0,0.1046303036018084,834.2086319467904,7.92577787836291,8974.25
815,36.0,0.1045504885677615,681.7317059815113,8.359630241445752,6335.916666666667
1038,36.0,0.1045190201532667,587.0388602357401,8.35708628014526,5782.055555555556
175,36.0,0.1044515336394761,655.2984596625655,8.405835883308061,6153.111111111111
224,36.0,0.104408770121491,827.5537801154949,7.703416261534037,7619.305555555556
700,36.0,0.1044060128693753,460.4795105742341,8.26596176568531,4592.694444444444
1035,36.0,0.1043883707628689,411.66021540754593,8.28137365824305,4722.972222222223
246,36.0,0.1043638983578576,760.4321268331759,8.029979290246045,7205.388888888889
635,36.0,0.1040710206100529,492.1440394639971,7.546754120932729,5873.222222222223
446,36.0,0.1040175575288497,506.6444391421245,9.13075575511334,4545.027777777777
621,36.0,0.1040025973382671,616.6184635395683,7.947401126033935,5893.527777777777
141,36.0,0.103996587947398,532.0727834252596,8.257075086039261,5535.083333333333
838,36.0,0.1039603789700903,781.4576129994493,8.17204743153114,8361.083333333334
497,36.0,0.103943333805335,883.8118036738634,7.794580980174111,8728.083333333334
613,36.0,0.1039008538455499,615.1056785761735,8.049952511761473,6085.583333333333
20,36.0,0.1038623216991267,812.7474066433886,8.004938517372256,8532.5
241,36.0,0.1038296123547758,684.6814850838217,7.74875178725452,6454.833333333333
747,36.0,0.1037981114252056,726.6187269449713,7.152369362330571,8023.611111111111
895,36.0,0.1037803203377636,1104.8257699911428,8.746460849485727,10246.555555555557
373,36.0,0.1037757325237015,490.9049865796522,8.15111853206711,4659.583333333333
69,36.0,0.1037488502458835,965.2342855017222,7.596266515065913,9198.972222222224
596,36.0,0.1035856306426483,523.9656002696029,8.56553654192706,5011.166666666667
914,36.0,0.1034305603144205,853.0515566962397,7.804530159453926,9261.694444444443
363,36.0,0.1034063704895152,708.043024954392,7.435868270660745,7409.666666666667
1091,36.0,0.1034010633222415,917.2371513377192,8.820925424578864,8725.277777777777
595,36.0,0.1033573140481218,1301.313355049263,8.280959081414974,14085.277777777776
386,36.0,0.1033305626353493,780.5713033319558,7.622272769383569,7065.861111111111
936,36.0,0.1033297351369603,731.7242622928932,7.512166562096931,6446.583333333333
263,36.0,0.1033203271722006,496.98265955443424,8.610151765038268,4403.833333333333
934,36.0,0.1032555647829809,786.1299732249246,7.669623704767002,6659.75
888,36.0,0.1032295642190314,837.996738918627,8.039894479041756,8908.833333333334
1007,36.0,0.1031975537271721,708.038679196802,8.601961067123895,7318.694444444444
487,36.0,0.1031635314440474,735.4132269542407,7.990948050445396,7248.416666666667
885,36.0,0.1030609572785076,586.7993595854446,7.9022231492836115,5758.694444444444
1008,36.0,0.1030387426999319,534.4787945685928,7.934664397921789,5647.361111111111
1102,36.0,0.1030185437270777,660.6914017712868,8.632247740009737,6850.138888888889
955,36.0,0.102783073319037,472.00363676498546,7.326536251591734,4953.527777777777
1077,36.0,0.1027803037108959,393.94224012766665,8.094409782414932,4312.25
1009,36.0,0.1027370853297075,475.2123939556246,8.494206967273286,4891.777777777777
943,36.0,0.1026873839190728,702.0301084966856,8.760238445024822,7106.166666666667
144,36.0,0.1026661416612638,755.3691816483671,8.264095744502654,7476.583333333333
778,36.0,0.1025988516527608,600.1522896768303,7.617329933011703,5696.138888888889
87,36.0,0.1025965347866186,587.8012330717115,9.017260152565717,5797.944444444444
906,36.0,0.1025956221658745,1028.468572942253,8.675844804034636,10588.0
180,36.0,0.1025797816568939,711.9935815398742,8.193998040581372,7262.833333333333
192,36.0,0.1025780186578179,1257.343888480662,7.417296642918762,13048.833333333334
935,36.0,0.1025386993417705,591.0020962152103,7.921929480079751,5922.777777777777
250,36.0,0.1024805133420231,833.2864203532386,7.828727270204001,8858.972222222223
75,36.0,0.1024778532063154,651.0468686017011,8.881134302582275,6421.722222222223
1092,36.0,0.1024562363871482,1295.8174394683317,6.914895684732973,12497.805555555557
783,36.0,0.102395680860182,699.0188170714117,7.111513325942753,6965.861111111111
132,36.0,0.1023706507030462,744.6596052607402,8.040678716314506,7541.25
741,36.0,0.102364134672809,868.4656223333834,7.918584769461036,8294.083333333334
752,36.0,0.1023259570516388,469.34672507014415,8.804546889689242,5026.722222222223
18,36.0,0.1022373479625608,682.5543922515309,7.587327591257694,6938.666666666667
115,36.0,0.1021659421717579,772.595996650645,7.8011161983498685,8175.805555555556
313,36.0,0.1021523373852689,718.0305437790952,8.216527601940028,7032.527777777777
493,36.0,0.1020964558528299,978.310802771424,7.935966387389133,8783.527777777777
864,36.0,0.1020894044363635,407.7797911510426,6.896282364897094,4481.75
109,36.0,0.1020041784234142,697.0719430538583,8.44108744497724,6548.972222222223
884,36.0,0.1020001925718939,638.2173438010033,8.236953055903108,6198.472222222223
658,36.0,0.1019037358677752,532.4641623301952,8.052368559825227,5677.777777777777
1104,36.0,0.1018871699632023,537.9860621540175,8.459704444549532,5556.722222222223
499,36.0,0.1018748299427927,581.9973668521696,8.768338098252373,5566.027777777777
7,36.0,0.1018044717170136,1046.3757560814145,7.943046023011004,9874.861111111111
646,36.0,0.1017713016099235,480.6337161512917,7.714356728681823,5078.333333333333
103,36.0,0.101764650200179,462.9918293541274,8.088738699271577,4698.166666666667
195,36.0,0.1016374665788884,1108.9260850471248,7.65156401475137,10534.666666666666
1046,36.0,0.1015590205413418,847.5931512487588,8.222546231307213,9005.055555555555
147,36.0,0.1015274025670449,791.1743937606313,7.260523780438054,8056.0
11,36.0,0.1015218227357804,712.7481932344875,7.561053630698184,7392.916666666667
694,36.0,0.101506829983313,877.8708280846695,7.730669897277958,8440.861111111111
1068,36.0,0.1013932432292411,508.9346487772252,7.601512615253708,4644.055555555556
452,36.0,0.1013899406276624,507.16777352934434,8.116671088882518,4825.194444444444
202,36.0,0.1013777974145758,671.0583466303804,7.600392229907879,6537.194444444444
528,36.0,0.1013051912713508,1077.1005495454203,7.947055515752817,10562.027777777776
162,36.0,0.1012906028468316,762.2761578180246,7.508245219526172,7879.194444444444
156,36.0,0.1011913517899827,597.5544852915706,8.576451542136464,6553.75
482,36.0,0.101152478947643,754.5074306417417,8.048798183379365,7657.472222222223
764,36.0,0.1011309014421544,390.7961560998007,8.858449266982417,3991.8333333333335
729,36.0,0.1011248238674919,958.0912528940612,7.028210316283056,10630.833333333334
538,36.0,0.1010696800995648,391.00529749030704,8.414535095931846,3902.805555555556
471,36.0,0.100997882289248,733.8857195983484,7.90357458200832,7081.916666666667
1018,36.0,0.1009709346144426,1083.3426301458646,8.166831393999713,11088.166666666666
643,36.0,0.1009469516771166,852.3281688472928,7.594356447062911,7775.305555555556
581,36.0,0.1009011507926712,548.41108930266,8.69641033940904,4997.194444444444
616,36.0,0.1008347660831905,751.8818310353149,8.137149903523817,7984.944444444444
504,36.0,0.1006597197740589,736.4904125981047,8.31185133022376,6862.638888888889
98,36.0,0.1006573161726086,621.9530381550958,8.035345684191814,5611.972222222223
993,36.0,0.1005901027855922,691.6150307486937,7.863712870227251,7601.083333333333
415,36.0,0.1004343535556282,595.5741324049202,7.758323734432516,6430.388888888889
182,36.0,0.1003510152672814,581.0027849350588,8.496605386306667,5544.805555555556
374,36.0,0.1002738193610259,683.8810210695301,8.182117246846571,7078.916666666667
354,36.0,0.1002544920277142,813.5518396122874,7.480604090380644,8339.944444444445
1059,36.0,0.1002059725999658,815.923675118756,7.371471504162347,8748.416666666666
403,36.0,0.1001948030122575,772.997744359581,7.4559132380450945,7543.472222222223
766,36.0,0.0999618288018747,674.9568803282933,8.319377980409124,6805.944444444444
531,36.0,0.0999047963920251,484.5375884975403,8.23255680593578,5058.805555555556
857,36.0,0.0998615705316852,861.213333782212,8.472018023229571,8346.888888888889
599,36.0,0.0998327268753766,961.2040754502516,7.144478404585327,9840.75
194,36.0,0.0998093481649352,480.37573927108974,8.089233714401106,5073.722222222223
944,36.0,0.0997724459443818,714.1682694499167,8.03121623098899,7169.333333333333
568,36.0,0.0997148232161454,495.8341340209366,7.504755186286618,5336.222222222223
873,36.0,0.0997082675319667,368.8319729185955,8.664578917980904,3619.1111111111113
590,36.0,0.099686457774142,513.8573439286015,8.331374541145355,5310.833333333333
738,36.0,0.0996704208040212,869.7195090042453,7.910564445618913,8634.5
201,36.0,0.0995632812578662,553.218099869277,8.261900032104958,5465.5
44,36.0,0.0995498902105427,470.6834727892938,7.810791028919758,5116.138888888889
902,36.0,0.099394114491574,402.6752201217074,8.417560612235214,3983.3333333333335
989,36.0,0.0993513109301222,519.396817139229,7.579241636488107,5396.5
1103,36.0,0.099350443822876,600.8771828072062,8.491421664657196,5876.722222222223
728,36.0,0.0992619913052337,534.3016814821926,8.053540947158822,5456.5
79,36.0,0.0992549542454224,540.3870941269596,8.400603187704174,5757.333333333333
598,36.0,0.0992029161436552,573.9509481834043,7.550814518468901,5710.361111111111
316,36.0,0.0991816244662725,942.0115146321308,6.847438178730819,10042.055555555557
745,36.0,0.0991685821301582,738.8080746468838,8.08306939014771,7397.805555555556
868,36.0,0.098999911725575,893.6551427119879,8.07479168042147,9823.555555555557
1049,36.0,0.0989794396619121,405.1650826841157,7.436001823697999,3784.972222222222
659,36.0,0.0989077333656332,532.276539550732,7.328821796355169,5366.944444444444
1054,36.0,0.0988317278673763,580.2194448716159,7.643975510010508,6279.916666666667
314,36.0,0.0988293719582432,455.7592496459234,7.817778343655106,4888.111111111111
500,36.0,0.0988255297217032,624.5978838000921,8.194247016884928,6383.222222222223
1055,36.0,0.0987385783978362,687.27718997795,8.159628757752518,7545.277777777777
408,36.0,0.0986941952042748,522.9802461245948,8.468579451396142,5073.194444444444
1052,36.0,0.0985242587747915,618.6850450274811,7.175060551726771,6957.25
204,36.0,0.0984983539340247,576.808894976125,7.368609537584911,5793.194444444444
529,36.0,0.098489601811631,816.4876242779245,7.341711615723763,8238.138888888889
1084,36.0,0.0983798056163276,660.2304271952182,7.111235739842297,6238.916666666667
565,36.0,0.0983766277803938,592.3410257131956,6.970820472329745,6431.888888888889
578,42.0,0.0983676104642377,1110.3425228582262,7.670299870653345,10303.047619047618
196,36.0,0.0982433415085433,532.2490004107109,8.02066097180927,5219.583333333333
8,36.0,0.0982367096764954,596.8698892800367,7.756923883669943,6355.194444444444
609,36.0,0.0982349553046075,516.0336463123159,8.23875217719187,4758.222222222223
54,36.0,0.0982158510072583,733.4575151244695,7.476493915775376,7772.444444444444
32,36.0,0.0981593905955624,440.1888760865311,7.627658902209991,4286.333333333333
214,36.0,0.0980045867677933,910.1901489332672,7.532509996730358,9215.444444444443
960,36.0,0.0979563123573454,694.6726838244007,8.037921681986514,7061.444444444444
365,36.0,0.0979435675604711,495.5413018446616,7.6115430700086435,5661.944444444444
71,36.0,0.0979426257204399,874.6047529445437,6.665538806998042,8739.694444444445
6,36.0,0.0979113188702544,453.0788034840988,8.13096547729219,4456.833333333333
165,36.0,0.0976659216225104,395.1462056232269,7.695604267609439,3905.972222222222
969,36.0,0.0976613452375881,410.51953595175866,8.132639829695169,4028.9166666666665
615,36.0,0.0976251475000801,866.9998128632955,7.091603047191142,9175.222222222224
968,36.0,0.0975273438632615,685.8605024720642,7.770614922741122,7276.5
334,36.0,0.0973823740380503,464.9735801902772,7.795247516836756,5024.166666666667
725,36.0,0.0972472662811978,554.9029269421683,8.020072786831895,5869.083333333333
651,36.0,0.0972221248792062,713.3117010488113,7.369712257362646,7212.583333333333
211,36.0,0.0971350267581925,1145.2966240692674,6.675104192962923,13691.611111111111
1087,36.0,0.0970696123458294,632.9084136283608,8.171706383240112,6617.083333333333
866,36.0,0.0970417672613011,636.1385985489374,7.852245877071275,6937.25
233,36.0,0.0970276245144482,894.5092412173926,7.534556551907556,9843.055555555557
277,36.0,0.0969120282535974,547.8971349540758,7.351635618711525,6170.861111111111
1067,36.0,0.0968913817463993,610.9853572372422,7.242341490084643,6204.166666666667
819,36.0,0.0967171916896565,541.7272780563108,8.096171489944183,5881.444444444444
883,36.0,0.0966847868973442,423.939855995886,7.944008212596192,4469.138888888889
723,36.0,0.0966065687158658,753.5531568537075,7.887926789587479,8132.611111111111
672,36.0,0.0964977971244447,796.4181235577244,7.7267382577983,8401.5
357,36.0,0.0964924612285992,711.3012766203703,6.8722536149442774,8035.972222222223
352,36.0,0.096416027754891,623.095834723936,7.814853232866597,6748.194444444444
574,36.0,0.0963621239507598,914.658423504101,7.677217028067786,9367.805555555557
459,36.0,0.0963114972561909,841.7910052473322,7.442610089232088,9143.472222222224
946,36.0,0.0962383651395081,411.54215334820555,7.632515247822988,4291.388888888889
356,36.0,0.0962343194751429,607.4697718658329,8.38367696117045,6490.694444444444
631,36.0,0.0962059460314284,491.96077406056366,7.858994495919366,5590.583333333333
760,36.0,0.0960973032436622,810.0096786264266,7.5004542268828525,8179.888888888889
362,36.0,0.0960845016012879,853.5367906979035,7.53689292590393,9449.222222222224
637,36.0,0.0959994352566966,849.5725674688118,7.091787117423341,9256.361111111111
111,36.0,0.095793277358233,603.5106303865339,7.5866551383414995,6841.138888888889
533,36.0,0.0957769854015198,1079.9769505773672,7.722130818248396,10785.444444444443
191,36.0,0.0957380192955567,704.6108801273593,7.444017564489247,6906.416666666667
640,36.0,0.0957205479813202,1095.1522155529108,7.1118427807241185,11767.694444444443
436,36.0,0.0957175420962068,507.8967550231718,7.393542230954648,5445.0
323,36.0,0.0956780887359814,721.5068125249466,7.66001092916069,7677.916666666667
64,36.0,0.0956484983418255,1075.368859769377,7.426846299149682,11195.638888888889
1040,36.0,0.0956053089871794,802.0743838205365,7.709334032119192,8488.638888888889
193,36.0,0.0955540320215791,541.5973593635024,8.205389512688521,5330.972222222223
108,36.0,0.0955185805737373,1100.5158542931415,7.418478674699886,12314.305555555557
525,36.0,0.0954833326217849,869.310466245204,7.6410856914129,9374.777777777776
364,36.0,0.0953975978146396,489.7882849494005,7.708725864553561,5284.166666666667
484,36.0,0.0953167961822194,783.0317634854271,7.630289984111821,7847.305555555556
85,42.0,0.0953156867452126,705.5027848593854,8.2185171471924,7395.238095238095
789,36.0,0.0953137497864295,383.1801785206054,7.642115373515996,3836.944444444444
375,36.0,0.0952525354989851,832.2948152959926,7.681216989529109,9169.277777777776
5,36.0,0.0949278084419144,437.32449409530346,7.8564880249558335,4477.611111111111
959,36.0,0.0948046013281444,614.7556069501459,7.549017071442199,7133.055555555556
874,36.0,0.0948014282185946,480.938311688639,8.417387257284695,4877.777777777777
326,36.0,0.0947205589382502,507.6280393217475,7.892739011624629,5546.333333333333
769,42.0,0.0946193141932831,1256.5100667763156,7.724460752288434,12148.357142857143
151,36.0,0.0945585173188303,691.0361611173165,7.353720356913357,7111.833333333333
1072,36.0,0.0945049367575115,623.3949417526369,7.452455597632794,6994.194444444444
25,36.0,0.0944864615809273,967.1367189154076,7.461101663659045,10388.694444444443
227,36.0,0.0943860911429632,513.1797676967619,7.0584050082588625,6108.222222222223
806,36.0,0.0942510537072082,644.1354147712436,7.882693786613151,6752.972222222223
919,36.0,0.0942413919502866,483.32118787464697,7.098427738008965,5589.472222222223
353,42.0,0.0942238116877612,580.5349024249405,6.567019997933688,6771.166666666667
95,36.0,0.094214486490757,599.9030082001101,6.936865235862862,6853.916666666667
922,36.0,0.0941912172299271,706.1777374239393,7.523487667034592,7428.833333333333
157,36.0,0.0941783313914028,872.1385308180502,7.03842102784606,9784.222222222224
359,36.0,0.0941755110857374,633.6654351826866,7.676714624907417,6655.388888888889
1022,36.0,0.0941658947449895,578.3832661350269,7.369460371192324,7034.583333333333
81,36.0,0.0941039564772584,759.0468530107667,7.6871271240209555,7593.527777777777
756,36.0,0.094101740738388,1351.1741100336271,6.995858867553426,15825.833333333334
622,36.0,0.0940527384950403,417.67414920092136,7.581130541653444,4492.611111111111
422,36.0,0.0939926502941244,406.42209901557334,7.640421540752474,4365.25
837,36.0,0.0939063370593464,382.53524994293593,8.400851150966464,3968.944444444444
1071,36.0,0.0938490579795728,572.3335139202632,7.592825041479184,6017.361111111111
652,36.0,0.0937533457962811,573.3265410846526,7.144525443478742,6802.444444444444
826,36.0,0.0936503757217875,766.2392134009249,7.256352754862429,8677.722222222223
689,36.0,0.0935534667170954,633.0577493569041,8.111082050111266,6572.722222222223
758,36.0,0.0933449849411647,452.2638182318648,7.356884973971255,4911.027777777777
49,36.0,0.0933225781642898,704.8632512466334,7.1715668101083665,7777.694444444444
706,36.0,0.0932979122526267,503.2209728612473,7.7529480849430845,5796.583333333333
920,36.0,0.0932747664678445,605.7149845612354,7.514973237360179,6293.138888888889
1064,36.0,0.0932688014673913,853.1573805391281,7.10124887105574,9565.194444444443
255,36.0,0.0932088641753481,579.9746362310432,6.4776770191567286,6329.666666666667
896,36.0,0.0931610323927544,677.5709218898019,7.577106132888402,7204.416666666667
14,36.0,0.0931361834269871,563.6999104467297,7.852508277133071,5341.194444444444
94,36.0,0.0931254183125101,621.6340664972099,7.462979270854481,7308.666666666667
336,36.0,0.0930800943265177,1005.545788417258,6.052796836990493,13319.555555555557
929,36.0,0.0930118370526455,520.4604423015818,7.618911062628947,5869.944444444444
414,36.0,0.0928469001480874,647.6035896980954,7.889923787584138,6835.944444444444
485,36.0,0.0928212092208747,507.559535018179,7.619583375493791,5424.444444444444
763,36.0,0.0927667159831157,570.4576328470182,7.272817839280185,6186.388888888889
792,36.0,0.092762811600335,552.18607912493,6.874740072424451,6855.611111111111
794,36.0,0.0926552550170623,301.8279291314697,7.706848084329552,3268.027777777778
205,36.0,0.0925968035299425,616.563718968922,7.470565763321087,6458.527777777777
671,36.0,0.092439346851251,683.9666007731329,7.137239316539418,7034.75
355,36.0,0.0923795356048017,957.0945782837476,7.718037393090362,9252.833333333334
273,36.0,0.0923697962167605,655.213018260928,7.272067283985212,7577.0
813,36.0,0.0923037916476335,580.4675620465856,7.217064902834876,6000.305555555556
564,36.0,0.0922915816969038,536.8891492286186,7.226487869687539,5919.583333333333
673,36.0,0.0922455436492009,687.0995522114918,7.307294686140723,8091.805555555556
1024,36.0,0.0920168994668192,520.3611095790998,7.734123194484377,6010.527777777777
447,36.0,0.0919580372780683,501.0738002482407,7.28396285645661,5366.138888888889
221,36.0,0.0919205621949741,583.6769557331102,7.361448436086238,6279.722222222223
811,36.0,0.0919069846507767,384.82511622636673,7.870357625980788,4189.555555555556
544,36.0,0.0918670098063241,1081.275024992145,6.7253073046271465,12797.166666666666
369,36.0,0.0917249392196791,598.9666490181844,7.363476931711732,6545.361111111111
810,36.0,0.0917153932622639,514.0989896745182,7.108081553299845,5861.805555555556
610,36.0,0.0915672339500979,346.75482968173833,7.397254287745879,3980.4166666666665
287,36.0,0.0915573517143546,760.1872964518374,7.109108495534184,8368.694444444445
911,36.0,0.0915533592832204,865.5550373158792,7.47670574039591,9857.805555555557
638,36.0,0.0914678858936032,551.2402364865934,6.909242345143383,6199.583333333333
349,36.0,0.0914273723630794,794.4301349503206,7.310023509743536,8603.027777777777
882,36.0,0.0913910423531624,549.6370951515528,6.956422777089205,6093.222222222223
755,36.0,0.091296065120023,962.3315411502016,7.297744471962118,10683.861111111111
799,36.0,0.0912828936170065,975.0835016610336,6.858516615748754,9686.861111111111
990,36.0,0.0912470833013438,579.3432332867708,7.459811031326518,6373.472222222223
1098,36.0,0.0911447197584356,421.613748099167,7.541240874214569,5061.75
545,36.0,0.0910061002870123,843.5366597157615,6.654147666431015,10834.083333333334
4,36.0,0.0908121476906009,912.2201324433888,7.095047803323963,9991.444444444443
773,36.0,0.0906089428208844,456.2506670701648,7.22874392482526,5176.916666666667
511,36.0,0.090591291881547,526.1906538725694,7.649365661906907,5819.0
154,36.0,0.09055682166195,807.0909885311888,7.002913216428676,8951.388888888889
966,36.0,0.0904979837874913,416.0120395723231,7.629224835700536,4633.583333333333
720,36.0,0.0904329275245927,629.5328984124311,7.551596822995579,7288.222222222223
1053,36.0,0.0904001483673002,745.827241143533,6.19522098756902,8359.25
506,36.0,0.0903858563808696,701.1195538139541,7.356849797420223,7021.166666666667
653,36.0,0.090093316859478,508.3385660631848,6.873365777303203,5778.305555555556
480,36.0,0.0900895514684725,447.6532920591003,6.611806905062491,4670.583333333333
261,36.0,0.0900732062857628,974.141238040214,6.874749214600789,11441.25
618,36.0,0.089644417983024,655.1485883762729,7.077122605079522,7507.916666666667
450,36.0,0.0895833402089776,835.1613786215968,7.281222887317027,9284.222222222224
1041,36.0,0.0894815099669946,573.5054165804023,6.708641940208852,6224.083333333333
995,36.0,0.089240271947137,832.3282356321158,7.474438813060304,9369.694444444443
491,36.0,0.0891513856628599,580.0813659481203,7.0381499954560764,6963.972222222223
146,36.0,0.0890957470168767,697.5761006213598,7.102035007767203,8070.694444444444
679,36.0,0.0889637650335041,787.1073168973569,6.269806891118675,9697.583333333334
48,36.0,0.0889552667960777,300.74016066815346,7.422926584655021,3363.777777777778
546,36.0,0.0889547379844031,1274.7183787075112,7.113956124260887,14575.25
464,36.0,0.088954147849703,994.4379594825248,7.033170041162245,10720.444444444443
309,36.0,0.0889476059720298,538.2052831538763,6.865957690879459,6673.75
36,36.0,0.0887190933208854,925.2526447704864,7.117973699350146,10130.333333333334
34,36.0,0.088298117476669,695.6166021644141,6.890268507870141,8366.527777777777
875,36.0,0.088251823341531,371.3125944285082,6.885578554151604,4778.25
600,36.0,0.0880500827628722,648.0328498458802,7.494147025478297,7523.5
390,36.0,0.0880366196578171,992.8449375530528,7.3254402447877744,11755.361111111111
423,42.0,0.087928258227901,1175.6821193281046,6.632006241939184,12010.142857142857
358,36.0,0.0879149010459596,793.4858904564817,6.254303655328542,9773.888888888889
1033,36.0,0.0878322419403768,1044.7378707915088,6.086572925106923,13649.444444444443
382,36.0,0.0877582094383242,674.3704585265732,6.964587709024399,7796.333333333333
172,36.0,0.0877203699420035,597.3297365523993,6.526148053767282,6994.472222222223
168,36.0,0.0874922706764885,652.0129096474025,6.421941252541888,7714.388888888889
252,36.0,0.0873320909438872,830.2368311482318,6.152584717285422,10346.0
667,36.0,0.0872802442819612,701.0712901585006,6.765450263540772,8636.472222222223
142,36.0,0.0871686432562742,375.8973048695896,6.992854359351893,4329.972222222223
1025,36.0,0.0871391507682736,644.9429113726778,6.948730994273132,7520.5
569,36.0,0.0868791666608268,396.50698359004934,6.647671371785896,4468.916666666667
282,36.0,0.0867492611959603,383.3116608064137,7.474396766815445,4447.527777777777
337,36.0,0.0865384898020292,477.051359170256,7.1751161603693605,5457.611111111111
892,36.0,0.0864995413948937,607.4918179931561,6.991823042385474,7259.138888888889
404,36.0,0.086412614574446,431.9001070742862,6.453024333699956,5164.25
889,36.0,0.0863413360229445,335.7924592777469,7.219059981984345,4111.166666666667
1080,36.0,0.0863277474969173,964.0826323170902,6.603034119476718,10868.472222222224
974,36.0,0.086265426382477,1032.9168655070457,6.599888160898831,12162.305555555557
670,36.0,0.0862544653895233,609.8838393279077,7.244434941432118,6709.722222222223
727,36.0,0.0861284053125606,424.88731243002104,7.180939993012478,4683.972222222223
744,36.0,0.086073240900855,719.3765946907035,7.3102190480302625,7766.444444444444
178,36.0,0.0860712498115298,812.7161972186603,6.5089691457347225,9959.805555555557
664,36.0,0.085935087450859,438.72286404635054,7.094450040333398,5175.805555555556
998,36.0,0.0859120554638911,385.3157166062368,6.967861368031501,4588.555555555556
588,36.0,0.0857842337369891,511.99857738792264,6.341431092588596,6378.111111111111
950,36.0,0.0857484670948885,504.5020414953339,7.163249268357452,5874.0
119,36.0,0.0856137388967008,473.176405925499,6.911609470651911,5913.5
297,36.0,0.0855159095203186,646.0097688798135,7.391621105003653,7171.722222222223
152,36.0,0.085446619911982,433.18852966393945,6.6677701988277205,5405.194444444444
855,36.0,0.0854188217035491,552.5492004716125,6.906629543753949,6071.111111111111
807,36.0,0.0853119871778001,812.9317225228649,6.712736216474596,9979.166666666666
107,36.0,0.0852885905332207,668.9762660453214,6.635747055497313,7691.194444444444
726,36.0,0.0852348814629502,862.644692537431,6.970255007645718,10849.555555555557
320,36.0,0.0852137428782468,1170.1832195000425,6.7328352330047245,14701.888888888889
787,36.0,0.0851596780485732,866.6714482587254,6.834181438939541,10196.916666666666
31,36.0,0.0850333252153172,483.46957918673127,6.9025027056797414,5750.833333333333
945,36.0,0.0848246877832495,362.2766933860564,7.435147521681965,4299.222222222223
274,42.0,0.0844169241469269,527.3462621670304,6.850253147864114,5898.880952380952
73,36.0,0.0842763462693275,402.1033609169137,7.1877259019357735,4578.222222222223
858,36.0,0.0840824827924311,420.92449360327527,7.112891938904266,5151.583333333333
949,36.0,0.0838455155325395,420.8323003822174,6.7707773407605645,5319.277777777777
742,36.0,0.0837399644251347,618.0169804041078,5.477354979808091,8068.75
827,36.0,0.0832592735595254,1380.4945186090656,6.676290110701226,15681.166666666666
229,36.0,0.0832483338610224,724.080639645804,6.645998489065924,8967.694444444445
771,36.0,0.0832125947550107,625.5170323611063,6.573910342437493,6961.944444444444
1089,36.0,0.0829942206207953,815.2377996842423,6.098805122034618,10329.75
513,36.0,0.0827109602922065,1216.5013069391375,5.678142519056876,16144.388888888889
494,42.0,0.0824634372740345,558.0177028535111,6.416508017298586,7593.190476190476
148,36.0,0.0822944863091781,707.9718981226833,6.273782034372085,8777.5
735,36.0,0.0822621846798318,409.5652168517534,6.808003084097562,5344.611111111111
160,36.0,0.0820920175940822,435.4079187294925,6.28871260897861,5598.277777777777
388,36.0,0.0817635089219744,785.9715306376962,6.348558557008784,9888.0
923,36.0,0.0816269774282179,406.749747478832,6.023020758681422,5344.833333333333
880,36.0,0.0814158273263791,709.5722884985856,6.702020162389792,8150.888888888889
856,36.0,0.0813124408176816,587.5703108137008,6.4403554803994245,7291.944444444444
938,36.0,0.0810199719263551,775.2999152270703,6.972318925539995,9566.972222222224
311,36.0,0.0807492525265338,572.6111935464249,6.506129147782409,6919.972222222223
774,36.0,0.0804409238043919,475.3477500268096,6.719649461496717,5396.777777777777
853,36.0,0.0803582121820029,760.1154592698599,6.6006350394646764,9756.916666666666
342,36.0,0.0802577026852938,884.5668782156544,6.117035219368308,11522.888888888889
1021,36.0,0.0801737925360855,782.1316055563883,6.208326281613674,9576.666666666666
416,36.0,0.0801653811708412,910.9002499448628,6.628214755861099,11372.583333333334
704,36.0,0.0801020122982082,860.2591553839923,6.397144011281478,10879.527777777776
381,36.0,0.0798063285929909,637.0089265844379,6.1687919007434,8949.944444444445
301,36.0,0.0796889140225285,431.9510667362826,6.420341571261051,5426.944444444444
332,36.0,0.0796583079431844,296.31794574870554,6.3611275446473545,3540.0
163,36.0,0.0795764006587681,525.7571832306229,6.400904763213558,6546.25
469,36.0,0.0795432199384032,887.5680777791232,6.671013531163056,11505.277777777776
802,36.0,0.0793098731669096,525.2018525866466,6.45334735030272,6987.055555555556
583,36.0,0.0791930199555946,340.55251122346954,6.426772716737908,4210.305555555556
335,42.0,0.0789683550540264,835.9267835726633,5.6357134443131205,12726.90476190476
396,36.0,0.0787804361546086,696.765456479235,5.7580749661802235,10250.083333333334
632,36.0,0.0782529259017072,620.0164735091549,6.443145413966652,7574.555555555556
245,36.0,0.0781769430538584,774.5706736110782,6.760698660251078,9652.305555555557
116,36.0,0.0774921280786686,537.3798058311096,6.073353623720639,7044.722222222223
159,36.0,0.0773001499491772,564.5419865191338,6.215470772067449,7690.111111111111
498,36.0,0.076997952916311,551.7838357522687,6.270074390544328,6982.027777777777
849,36.0,0.0768868782436227,650.6338495531948,6.585756925729334,8373.694444444445
958,36.0,0.0768489696750939,313.02319592600014,6.1986384116786395,3755.305555555556
207,36.0,0.0767173035806721,856.7514277861513,5.982130938596566,11200.972222222224
1075,36.0,0.076635574464194,862.4142746979452,6.285879974837921,11574.194444444443
260,36.0,0.0760934954985343,473.38015937485943,6.0475178161640954,6286.75
676,42.0,0.0754477540898266,635.1520827957007,5.628611570352161,9408.190476190475
560,36.0,0.0749817785696761,1050.803027908358,6.135985302751035,14317.083333333334
104,36.0,0.0744867781549592,786.675126081097,5.731090640182654,10496.75
686,36.0,0.0733689302771005,432.74339532236314,5.984700983250727,6079.944444444444
134,36.0,0.073350593258876,329.20718581026654,6.20353047514248,4526.305555555556
1101,36.0,0.0731871834393417,709.0732948891463,6.050845839286571,10180.444444444443
963,36.0,0.0728362671347026,696.8769401203712,5.6211684450167985,10783.638888888889
1,36.0,0.0728092568225609,325.1325760870417,5.57463513693226,4392.166666666667
523,36.0,0.0716373029062648,948.2056879984008,5.995181175505196,13521.944444444443
539,36.0,0.0714315935874636,858.7810165257639,5.5535708028669895,11707.138888888889
431,36.0,0.0710573766369778,722.1247579480656,5.938551571240505,9710.333333333334
84,36.0,0.0698687611323392,843.4158281984934,4.980263220570831,12955.888888888889
383,36.0,0.069862663455743,1084.3650285208532,5.271803834259574,16245.083333333334
532,36.0,0.0694308656955095,796.8500665327734,5.474009653652033,10786.555555555557
280,36.0,0.0689523923365316,453.4508729969109,5.540247461623982,6379.805555555556
512,42.0,0.0686820987059942,459.3872397322486,5.7747572467526505,6577.952380952381
788,36.0,0.0686302059570405,1030.131052046227,4.946461046047034,16438.083333333332
768,36.0,0.067923840924921,870.0379846447164,5.358772137447538,13081.833333333334
948,42.0,0.06714503831627,550.1976628624622,5.349623443229353,8439.214285714286
682,42.0,0.0669699949068832,613.9829452564528,5.031445743877903,11208.57142857143
251,36.0,0.0662392694605587,982.2476889638904,4.302685919125734,16921.166666666668
842,36.0,0.0647614323361087,990.8307019738072,4.210822435873064,17294.305555555555
270,36.0,0.0599969825440948,646.9944636034462,4.731940502809164,9988.555555555557
698,36.0,0.058973360192845,937.8408245505044,4.631445150251185,16110.888888888889
1097,42.0,0.0583217767589403,645.7986061736402,4.835280907077463,10694.59523809524
733,42.0,0.0545566316319512,765.6139637811782,4.315868418471672,14612.619047619048
259,42.0,0.0507589031115264,628.2716959636904,3.9954184620927222,12650.333333333334
562,42.0,0.0417989627603612,622.110671279951,3.1118804563800047,16423.97619047619
262,42.0,0.0348949216512289,604.1721725187829,2.5572063398580465,17570.54761904762
817,36.0,0.0340387509581208,524.2895992272007,2.4976209055796588,17063.13888888889
1114,36.0,0.0186957361877917,332.57811214425965,1.4243940144397975,17779.36111111111
