Store,Date,pred_baseline,pred_with_promo,lift_abs,lift_pct
211,2015-06-20,10615.447161947808,14394.02566257476,3778.578500626953,0.3559509498734698
211,2015-06-22,13967.175887181927,18307.457122511572,4340.281235329645,0.3107486631791358
211,2015-06-23,13384.254562698665,17844.345136634045,4460.090573935382,0.3332341411351709
211,2015-06-24,12304.031628465267,16312.606568256302,4008.574939791035,0.3257936147138335
211,2015-06-25,11417.404959353677,15337.290122170398,3919.8851628167217,0.3433254033444234
211,2015-06-26,11144.531308615644,15761.831539934754,4617.30023131911,0.414310849281706
211,2015-06-27,9735.182922277869,13740.384722766796,4005.2018004889305,0.4114151559826861
211,2015-06-29,17726.243521831057,17726.243521831057,0.0,0.0
211,2015-06-30,17805.063575745808,17805.063575745808,0.0,0.0
211,2015-07-01,17468.034828909447,17468.034828909447,0.0,0.0
211,2015-07-02,16626.107596781225,16626.107596781225,0.0,0.0
211,2015-07-03,15022.089980692666,15022.089980692666,0.0,0.0
211,2015-07-04,11690.352526893024,14697.817321972114,3007.4647950790913,0.2572604023839813
211,2015-07-06,14328.52973167946,18637.14237740465,4308.61264572519,0.3007016579097522
211,2015-07-07,12932.553041799354,17077.212403871858,4144.659362072503,0.3204826880412966
211,2015-07-08,12404.300006506692,16570.05240207442,4165.752395567728,0.335831316026102
211,2015-07-09,12100.222570434637,16957.84968808568,4857.627117651045,0.4014494022217446
211,2015-07-10,11857.240910511448,16432.06412133577,4574.823210824323,0.3858252729577874
211,2015-07-11,9435.252349715423,13900.856192390616,4465.603842675189,0.4732892854540213
211,2015-07-13,18514.455266962435,18514.455266962435,0.0,0.0
211,2015-07-14,17594.50777437574,17594.50777437574,0.0,0.0
211,2015-07-15,15987.886976389578,15987.886976389578,0.0,0.0
211,2015-07-16,16040.447354829512,16040.447354829512,0.0,0.0
211,2015-07-17,15210.48766066708,15210.48766066708,0.0,0.0
211,2015-07-18,10448.951485882028,14372.696890366033,3923.745404484005,0.3755157069860574
211,2015-07-20,13292.857373745786,17730.581278298014,4437.723904552227,0.3338427382300066
211,2015-07-21,12961.769982781674,17641.65850534713,4679.888522565458,0.3610531994304936
211,2015-07-22,11767.494937657617,15828.472881002826,4060.9779433452095,0.3451013121194993
211,2015-07-23,11502.17474769011,16174.686579235398,4672.511831545289,0.4062285553854616
211,2015-07-24,11135.54449211307,15656.81578323046,4521.271291117389,0.4060215730195908
211,2015-07-25,8772.914482794546,12704.027811611257,3931.11332881671,0.4480966201741069
211,2015-07-27,17760.70718541999,17760.70718541999,0.0,0.0
211,2015-07-28,16451.17445951661,16451.17445951661,0.0,0.0
211,2015-07-29,14963.72360798465,14963.72360798465,0.0,0.0
211,2015-07-30,16689.515869699506,16689.515869699506,0.0,0.0
211,2015-07-31,16300.316960682236,16300.316960682236,0.0,0.0
251,2015-06-20,17168.24378332349,18010.81614082515,842.57235750166,0.04907737612161
251,2015-06-22,17177.209165825076,17790.025398514503,612.8162326894271,0.0356761233314114
251,2015-06-23,17705.428049662507,18585.84389484799,880.4158451854819,0.0497257588303415
251,2015-06-24,16998.428421256558,17968.949459588766,970.5210383322084,0.057094751013486
251,2015-06-25,16516.186321156547,17762.82750788001,1246.6411867234638,0.0754799662877724
251,2015-06-26,16699.45152492302,17932.47067578737,1233.0191508643477,0.0738359070670155
251,2015-06-27,17153.201502240194,17983.991390890806,830.7898886506118,0.0484335177046752
251,2015-06-29,17607.75796863122,17607.75796863122,0.0,0.0
251,2015-06-30,18321.00989728955,18321.00989728955,0.0,0.0
251,2015-07-01,17577.600007858997,17577.600007858997,0.0,0.0
251,2015-07-02,17787.632047084735,17787.632047084735,0.0,0.0
251,2015-07-03,17295.16639765766,17295.16639765766,0.0,0.0
251,2015-07-04,17103.485961273364,17745.15241273107,641.666451457706,0.0375167058288937
251,2015-07-06,17647.948007804975,18094.952306539024,447.00429873404937,0.0253289673414924
251,2015-07-07,17351.74075540613,18280.85998221382,929.119226807692,0.0535461680706712
251,2015-07-08,16618.082780615005,17996.513771399575,1378.430990784571,0.0829476546110668
251,2015-07-09,16543.740766795516,17920.72037074642,1376.9796039509056,0.0832326632386916
251,2015-07-10,16365.260779758311,17975.638867736237,1610.3780879779242,0.0984022258887405
251,2015-07-11,16343.180020042795,17541.856835625003,1198.6768155822065,0.0733441603232776
251,2015-07-13,17512.09074493284,17512.09074493284,0.0,0.0
251,2015-07-14,17939.43009623764,17939.43009623764,0.0,0.0
251,2015-07-15,17732.13226127819,17732.13226127819,0.0,0.0
251,2015-07-16,17729.01743041667,17729.01743041667,0.0,0.0
251,2015-07-17,17325.901643956997,17325.901643956997,0.0,0.0
251,2015-07-18,16228.997736151949,17669.61382740403,1440.6160912520843,0.0887680258925015
251,2015-07-20,16430.09448002883,17882.630956606954,1452.5364765781233,0.0884070677952409
251,2015-07-21,17032.21275620924,18278.919705465458,1246.706949256215,0.0731970042355017
251,2015-07-22,15774.47349072244,17613.26727480487,1838.7937840824304,0.1165676803833671
251,2015-07-23,15642.828731119334,17603.470736686962,1960.642005567628,0.1253380727532476
251,2015-07-24,15303.00490879176,17372.715799684367,2069.7108908926075,0.1352486588894403
251,2015-07-25,16065.871528641595,17824.073847675096,1758.2023190335003,0.1094370956408463
251,2015-07-27,18023.25175563968,18023.25175563968,0.0,0.0
251,2015-07-28,18020.750420011635,18020.750420011635,0.0,0.0
251,2015-07-29,17408.720280597463,17408.720280597463,0.0,0.0
251,2015-07-30,17336.45187113359,17336.45187113359,0.0,0.0
251,2015-07-31,16911.12850344509,16911.12850344509,0.0,0.0
259,2015-06-20,9781.64913026835,13007.782793684026,3226.133663415676,0.329814903443298
259,2015-06-21,17230.57265603709,16760.143931244947,-470.428724792142,-0.0273019785344927
259,2015-06-22,13156.655306628614,14834.557003035996,1677.9016964073817,0.1275325420710853
259,2015-06-23,12020.957249396137,13998.145058901917,1977.18780950578,0.1644783995555015
259,2015-06-24,11737.627608937772,13079.59090901244,1341.963300074669,0.1143300285871067
259,2015-06-25,11230.353282687018,12518.031807591158,1287.6785249041404,0.1146605536345198
259,2015-06-26,12228.051095365006,13520.33108654336,1292.2799911783532,0.1056815988991235
259,2015-06-27,8976.022008087553,12310.06339783402,3334.041389746466,0.3714386380450534
259,2015-06-28,16678.54917249084,16074.080099955669,-604.4690725351702,-0.036242305387819
259,2015-06-29,13396.03458092977,13396.03458092977,0.0,0.0
259,2015-06-30,13791.579296571905,13791.579296571905,0.0,0.0
259,2015-07-01,14393.64562217253,14393.64562217253,0.0,0.0
259,2015-07-02,14485.847091999009,14485.847091999009,0.0,0.0
259,2015-07-03,13822.818928869669,13822.818928869669,0.0,0.0
259,2015-07-04,9917.706782744915,12599.064933156018,2681.3581504111025,0.2703607002251971
259,2015-07-05,16514.376363779455,16407.982308122606,-106.39405565684864,-0.0064425112588689
259,2015-07-06,11694.686821828443,13903.849230018708,2209.1624081902646,0.188903084096857
259,2015-07-07,11154.394799237536,13148.093816044402,1993.699016806866,0.1787366372349619
259,2015-07-08,11547.42003326551,13013.649170890782,1466.2291376252724,0.1269746084754341
259,2015-07-09,11689.324749454712,12966.020945051056,1276.6961955963452,0.1092189859517677
259,2015-07-10,11790.371809199984,13430.457059716631,1640.0852505166476,0.1391037769679914
259,2015-07-11,9378.314000969976,12267.676419997268,2889.362419027293,0.3080897503248935
259,2015-07-12,17038.94943685895,16048.758613677775,-990.1908231811758,-0.0581133729430042
259,2015-07-13,13812.96077268866,13812.96077268866,0.0,0.0
259,2015-07-14,13066.868299711025,13066.868299711025,0.0,0.0
259,2015-07-15,12247.77537752764,12247.77537752764,0.0,0.0
259,2015-07-16,12343.060836563252,12343.060836563252,0.0,0.0
259,2015-07-17,13185.17047967186,13185.17047967186,0.0,0.0
259,2015-07-18,8888.614343044095,12146.621145529492,3258.006802485397,0.3665370862934327
259,2015-07-19,17012.113493572855,15573.589381733142,-1438.5241118397134,-0.0845588123064888
259,2015-07-20,12015.108758035676,13886.739041376968,1871.630283341292,0.155773062153062
259,2015-07-21,11413.964754004364,13152.896609548246,1738.9318555438822,0.1523512550653191
259,2015-07-22,11276.141793347391,12619.891873668435,1343.7500803210442,0.1191675401877102
259,2015-07-23,11318.201818213194,12522.140304454862,1203.9384862416682,0.1063718871229435
259,2015-07-24,11225.11178769686,12809.159439028288,1584.047651331428,0.1411164255012233
259,2015-07-25,9236.739928277992,12108.048618824652,2871.308690546659,0.3108573709817504
259,2015-07-26,16370.79592866274,14889.509292533588,-1481.2866361291508,-0.0904834830623993
259,2015-07-27,13141.897913197194,13141.897913197194,0.0,0.0
259,2015-07-28,12425.787701506337,12425.787701506337,0.0,0.0
259,2015-07-29,11943.07504044182,11943.07504044182,0.0,0.0
259,2015-07-30,13211.239049589863,13211.239049589863,0.0,0.0
259,2015-07-31,14280.890325510492,14280.890325510492,0.0,0.0
262,2015-06-20,16799.083206798987,17646.638920392696,847.5557135937088,0.0504524981012465
262,2015-06-21,17929.302260187837,18570.873567159448,641.5713069716112,0.0357833951182933
262,2015-06-22,17234.395110897673,17967.216986320745,732.8218754230729,0.0425208932897038
262,2015-06-23,17250.641239928078,18017.88005223405,767.2388123059718,0.0444759589881292
262,2015-06-24,16253.322551300322,17356.08937423786,1102.7668229375397,0.0678487010552383
262,2015-06-25,16806.773261799524,17836.70081945582,1029.927557656294,0.0612805052827861
262,2015-06-26,17871.520512323263,18772.405974030567,900.8854617073048,0.0504089991160014
262,2015-06-27,17213.29808925354,18032.76050557855,819.4624163250082,0.0476063571359754
262,2015-06-28,18067.89402963336,18681.439044148858,613.5450145154973,0.0339577492268448
262,2015-06-29,18054.300383970607,18054.300383970607,0.0,0.0
262,2015-06-30,18306.80246111833,18306.80246111833,0.0,0.0
262,2015-07-01,17886.839048331083,17886.839048331083,0.0,0.0
262,2015-07-02,17996.439360864,17996.439360864,0.0,0.0
262,2015-07-03,17930.52370085254,17930.52370085254,0.0,0.0
262,2015-07-04,17028.915810984858,17679.623600180013,650.7077891951558,0.0382119329508578
262,2015-07-05,17314.521253441395,17957.675842272405,643.1545888310102,0.0371453867777706
262,2015-07-06,17250.58476390407,17765.647552378756,515.0627884746864,0.0298577002185124
262,2015-07-07,16931.754970656588,17647.499316599195,715.7443459426067,0.0422723071047874
262,2015-07-08,16587.64683746377,17631.36600712184,1043.7191696580703,0.0629214728216177
262,2015-07-09,16738.934657243404,17749.613334744838,1010.6786775014334,0.0603789128876301
262,2015-07-10,17354.05098760798,18171.65038390368,817.5993962956964,0.0471128842988602
262,2015-07-11,16420.615683073498,17324.218211098778,903.6025280252798,0.0550285412840348
262,2015-07-12,17952.034022870306,18586.49122593366,634.4572030633535,0.0353418003918149
262,2015-07-13,18085.939309291414,18085.939309291414,0.0,0.0
262,2015-07-14,18166.07092018682,18166.07092018682,0.0,0.0
262,2015-07-15,18083.84709867601,18083.84709867601,0.0,0.0
262,2015-07-16,17883.076748645377,17883.076748645377,0.0,0.0
262,2015-07-17,17802.020332808188,17802.020332808188,0.0,0.0
262,2015-07-18,16491.73791263186,17635.160556342755,1143.4226437108955,0.0693330593639309
262,2015-07-19,17736.014529499687,18583.2355107606,847.2209812609108,0.04776839688825
262,2015-07-20,17097.4958756759,17715.536914824646,618.0410391487458,0.0361480443477114
262,2015-07-21,17039.958918768407,18065.98690143216,1026.0279826637525,0.0602130549466084
262,2015-07-22,16419.039418377193,17503.714893003395,1084.675474626201,0.0660620543618505
262,2015-07-23,16750.826895873506,17792.489532880743,1041.6626370072372,0.0621857442311606
262,2015-07-24,17118.81728890853,18219.84241009439,1101.0251211858597,0.0643166582483023
262,2015-07-25,16995.915267401113,17978.58214280513,982.6668754040184,0.0578178262213871
262,2015-07-26,17892.122466019453,18587.89995270292,695.7774866834661,0.0388873644255945
262,2015-07-27,17826.008073528534,17826.008073528534,0.0,0.0
262,2015-07-28,18046.902154272128,18046.902154272128,0.0,0.0
262,2015-07-29,17764.00405062101,17764.00405062101,0.0,0.0
262,2015-07-30,17655.0358713305,17655.0358713305,0.0,0.0
262,2015-07-31,17475.403050479694,17475.403050479694,0.0,0.0
320,2015-06-20,11071.846513006476,14895.979843750862,3824.1333307443856,0.3453925527464678
320,2015-06-22,12989.091053174128,17323.800704899764,4334.709651725638,0.3337192444013525
320,2015-06-23,13020.545208699188,17431.45490291596,4410.909694216773,0.3387653607062313
320,2015-06-24,11870.184073118293,15448.935413997631,3578.7513408793384,0.3014908040881965
320,2015-06-25,11474.493852952492,15483.36307551013,4008.869222557636,0.3493722053392461
320,2015-06-26,12117.99470751788,16046.686947419428,3928.69223990155,0.3242031651874075
320,2015-06-27,11174.701877463596,14887.360670108135,3712.658792644539,0.3322378380520365
320,2015-06-29,18103.193755680382,18103.193755680382,0.0,0.0
320,2015-06-30,18812.119881624934,18812.119881624934,0.0,0.0
320,2015-07-01,16882.458704416862,16882.458704416862,0.0,0.0
320,2015-07-02,17097.714336339523,17097.714336339523,0.0,0.0
320,2015-07-03,14854.169586838249,14854.169586838249,0.0,0.0
320,2015-07-04,12916.277474187897,15393.863317807338,2477.585843619441,0.1918188772710008
320,2015-07-06,14669.442398964866,17793.11640132838,3123.6740023635157,0.212937473518689
320,2015-07-07,13556.01947608899,16680.66626644587,3124.646790356881,0.2304988419254148
320,2015-07-08,12328.785852913352,15427.246894111338,3098.4610411979866,0.2513192359867136
320,2015-07-09,12654.482462312606,16547.491026601652,3893.0085642890463,0.3076387024031324
320,2015-07-10,12383.725481949818,16550.825461759716,4167.099979809898,0.3364980906500027
320,2015-07-11,10826.786648869484,14755.24058647332,3928.4539376038374,0.3628457884144268
320,2015-07-13,18660.351260476305,18660.351260476305,0.0,0.0
320,2015-07-14,17058.648250303053,17058.648250303053,0.0,0.0
320,2015-07-15,16454.677865276015,16454.677865276015,0.0,0.0
320,2015-07-16,16273.734619053006,16273.734619053006,0.0,0.0
320,2015-07-17,15243.694857857345,15243.694857857345,0.0,0.0
320,2015-07-18,12097.800729600196,15599.14066132043,3501.3399317202347,0.289419540789208
320,2015-07-20,14311.507848251384,17301.252872608693,2989.7450243573094,0.2089049634782266
320,2015-07-21,12974.233377436844,16766.109025900252,3791.8756484634087,0.2922620195084329
320,2015-07-22,12027.637900455957,15673.629114417954,3645.991213961999,0.3031344345529211
320,2015-07-23,11819.413313753008,15693.879526486588,3874.466212733579,0.327805290320567
320,2015-07-24,11547.92643086716,16114.202929278576,4566.2764984114165,0.3954196041815729
320,2015-07-25,10701.177530174911,14988.607194084314,4287.429663909403,0.4006502697315147
320,2015-07-27,17782.503128162414,17782.503128162414,0.0,0.0
320,2015-07-28,17263.772988004373,17263.772988004373,0.0,0.0
320,2015-07-29,16354.24210668737,16354.24210668737,0.0,0.0
320,2015-07-30,17187.11132026991,17187.11132026991,0.0,0.0
320,2015-07-31,16819.214386035197,16819.214386035197,0.0,0.0
335,2015-06-20,9198.35401401714,15078.01491161266,5879.660897595522,0.6392079374892133
335,2015-06-21,8279.950833876628,14392.885847239391,6112.935013362763,0.7382815593967386
335,2015-06-22,13272.20710300333,18856.680891157623,5584.473788154293,0.4207645152621675
335,2015-06-23,13903.652686644826,18661.47067122425,4757.817984579426,0.3421991394498479
335,2015-06-24,12594.801562884575,17440.72831919718,4845.926756312603,0.3847561021201786
335,2015-06-25,12500.121132424834,17651.736985108404,5151.61585268357,0.4121252744759789
335,2015-06-26,13135.063280118457,17351.84279421339,4216.779514094933,0.3210322953279982
335,2015-06-27,9287.05494754022,15330.565761184209,6043.51081364399,0.6507456720975558
335,2015-06-28,8353.34611706262,14804.429438109546,6451.083321046926,0.7722753529714141
335,2015-06-29,17457.57311695939,17457.57311695939,0.0,0.0
335,2015-06-30,18136.61187694663,18136.61187694663,0.0,0.0
335,2015-07-01,16932.60996012894,16932.60996012894,0.0,0.0
335,2015-07-02,16163.323303868076,16163.323303868076,0.0,0.0
335,2015-07-03,15490.63244618079,15490.63244618079,0.0,0.0
335,2015-07-04,9974.382454279666,15439.929824149402,5465.547369869735,0.547958472108181
335,2015-07-05,8245.79401285502,14363.654192419506,6117.860179564486,0.7419370614918188
335,2015-07-06,11742.901992537923,17007.222519028244,5264.320526490319,0.4482980893339272
335,2015-07-07,11714.70110508839,16962.66953559327,5247.968430504881,0.4479814195366348
335,2015-07-08,12064.485576282208,16681.15079470569,4616.665218423481,0.3826657331746881
335,2015-07-09,11419.120851626038,16141.812054006245,4722.691202380207,0.4135774779638762
335,2015-07-10,11939.736195093905,16413.130188405266,4473.393993311363,0.3746643912576144
335,2015-07-11,8233.503892320252,15138.729787632676,6905.225895312426,0.8386740305974995
335,2015-07-12,8537.14764189682,15535.812991621136,6998.665349724317,0.8197896584777025
335,2015-07-13,17482.55934979252,17482.55934979252,0.0,0.0
335,2015-07-14,17683.644619058,17683.644619058,0.0,0.0
335,2015-07-15,16468.827720906324,16468.827720906324,0.0,0.0
335,2015-07-16,16140.086988068331,16140.086988068331,0.0,0.0
335,2015-07-17,15238.723450350302,15238.723450350302,0.0,0.0
335,2015-07-18,8879.599155934086,15373.460855259273,6493.861699325187,0.7313237439311041
335,2015-07-19,7840.791721563092,15654.291595038285,7813.499873475192,0.9965192484308896
335,2015-07-20,12340.851246719474,18725.551150130857,6384.69990341138,0.5173630064707734
335,2015-07-21,12723.413909318806,18843.956783860693,6120.542874541887,0.4810456468809142
335,2015-07-22,11468.860506059067,16700.615493413236,5231.754987354167,0.4561704263985248
335,2015-07-23,11792.814162397415,16497.675258676743,4704.861096279326,0.3989599964426856
335,2015-07-24,11676.84677061048,16247.211973216166,4570.365202605686,0.3914040573101347
335,2015-07-25,8199.210414561363,15037.078372176002,6837.867957614639,0.8339666396987383
335,2015-07-26,8033.404020544585,15153.427807698708,7120.023787154121,0.8863022162143731
335,2015-07-27,17787.00441401312,17787.00441401312,0.0,0.0
335,2015-07-28,17456.615842340943,17456.615842340943,0.0,0.0
335,2015-07-29,15682.200428807311,15682.200428807311,0.0,0.0
335,2015-07-30,16416.681608391777,16416.681608391777,0.0,0.0
335,2015-07-31,16150.57744852062,16150.57744852062,0.0,0.0
380,2015-06-20,13887.982426966442,17665.97683483854,3777.9944078720982,0.2720333516937872
380,2015-06-22,12227.177194061498,17158.767770076,4931.5905760145015,0.4033302615758017
380,2015-06-23,11906.857996695247,17038.182953729833,5131.324957034585,0.4309554173282982
380,2015-06-24,11487.328909677806,16179.1828898245,4691.853980146694,0.4084373327374579
380,2015-06-25,11549.641815156643,16421.690978422786,4872.049163266143,0.4218355202039714
380,2015-06-26,11627.763015467002,16203.769070750628,4576.006055283626,0.3935413930604468
380,2015-06-27,13258.76923549786,17241.087823151127,3982.318587653266,0.3003535635111106
380,2015-06-29,17638.575258740093,17638.575258740093,0.0,0.0
380,2015-06-30,18182.36183688462,18182.36183688462,0.0,0.0
380,2015-07-01,18316.740734920593,18316.740734920593,0.0,0.0
380,2015-07-02,16817.2493319777,16817.2493319777,0.0,0.0
380,2015-07-03,15585.956378757835,15585.956378757835,0.0,0.0
380,2015-07-04,13578.214513810432,17046.288857821848,3468.0743440114147,0.2554146084880326
380,2015-07-06,11764.70266426309,17087.99059995133,5323.287935688239,0.4524795983037005
380,2015-07-07,11388.70898328884,16443.635346450137,5054.926363161296,0.4438542042455043
380,2015-07-08,11831.871728888917,16837.236276866246,5005.364547977331,0.4230408056027299
380,2015-07-09,11087.600470454265,16240.08266622199,5152.482195767725,0.4647066973145204
380,2015-07-10,11455.675443917726,16140.043946696906,4684.36850277918,0.4089124666382109
380,2015-07-11,12061.174359960723,15910.47348201463,3849.299122053906,0.3191479541853204
380,2015-07-13,17782.066829778872,17782.066829778872,0.0,0.0
380,2015-07-14,16807.137870513685,16807.137870513685,0.0,0.0
380,2015-07-15,16696.902331776837,16696.902331776837,0.0,0.0
380,2015-07-16,15034.006542208204,15034.006542208204,0.0,0.0
380,2015-07-17,13982.587539789807,13982.587539789807,0.0,0.0
380,2015-07-18,12097.717361624374,16694.79169700261,4597.0743353782345,0.3799951840469333
380,2015-07-20,11096.142592219732,16995.062565633794,5898.919973414062,0.531618976990274
380,2015-07-21,11536.07115992753,16768.47258417958,5232.401424252052,0.4535687541896995
380,2015-07-22,10961.991929079935,15572.128520991717,4610.13659191178,0.4205564665379861
380,2015-07-23,10956.196801502572,15695.365067189492,4739.16826568692,0.432555963675002
380,2015-07-24,11637.511971593374,15462.202255351807,3824.690283758433,0.3286518882295738
380,2015-07-25,12852.822689843284,15858.67085008573,3005.8481602424454,0.2338667725197643
380,2015-07-27,17601.73972943856,17601.73972943856,0.0,0.0
380,2015-07-28,16602.659885831756,16602.659885831756,0.0,0.0
380,2015-07-29,16153.73254215833,16153.73254215833,0.0,0.0
380,2015-07-30,15661.289579417984,15661.289579417984,0.0,0.0
380,2015-07-31,16227.948110392812,16227.948110392812,0.0,0.0
383,2015-06-20,15644.243716226483,17613.49599203131,1969.2522758048235,0.125877115667936
383,2015-06-22,15559.193616007184,17500.424515495582,1941.2308994883988,0.1247642356922196
383,2015-06-23,14841.0253417978,17458.380369398063,2617.3550276002625,0.1763594473643829
383,2015-06-24,13571.354691624198,16710.428879787843,3139.074188163646,0.2313014624915065
383,2015-06-25,13852.982013841258,17357.59427180348,3504.6122579622206,0.2529861263416479
383,2015-06-26,13937.973353504642,17072.40134293426,3134.427989429618,0.2248840566653458
383,2015-06-27,14741.614142689366,17241.736435066974,2500.1222923776077,0.169596237438996
383,2015-06-29,17981.338105876817,17981.338105876817,0.0,0.0
383,2015-06-30,18544.29331235037,18544.29331235037,0.0,0.0
383,2015-07-01,17781.854312486612,17781.854312486612,0.0,0.0
383,2015-07-02,17900.27216217863,17900.27216217863,0.0,0.0
383,2015-07-03,17186.09904786548,17186.09904786548,0.0,0.0
383,2015-07-04,15948.364682070158,17552.840580749933,1604.4758986797751,0.1006044149770162
383,2015-07-06,15515.884566666276,17604.615871940838,2088.7313052745612,0.1346188995090818
383,2015-07-07,14290.696982914847,17300.61653737719,3009.9195544623435,0.2106209065982459
383,2015-07-08,14242.1233435683,17205.652343123445,2963.5289995551466,0.208081964189242
383,2015-07-09,14138.477275945685,17461.9854033982,3323.5081274525164,0.2350683218982092
383,2015-07-10,14042.053689209995,16995.734487983627,2953.680798773632,0.2103453571782922
383,2015-07-11,15084.774356191712,17531.921016482975,2447.1466602912624,0.1622262688527922
383,2015-07-13,17848.565796890474,17848.565796890474,0.0,0.0
383,2015-07-14,17956.822770988103,17956.822770988103,0.0,0.0
383,2015-07-15,17471.156053262133,17471.156053262133,0.0,0.0
383,2015-07-16,17669.844041457167,17669.844041457167,0.0,0.0
383,2015-07-17,17268.102776147538,17268.102776147538,0.0,0.0
383,2015-07-18,15533.512451928314,17540.212691279794,2006.7002393514797,0.1291852210220728
383,2015-07-20,15385.884305387986,17892.3581924076,2506.4738870196124,0.1629073660811208
383,2015-07-21,14600.168978177098,17646.65950745103,3046.4905292739313,0.2086613198674294
383,2015-07-22,14132.167412176308,17361.867868676687,3229.700456500379,0.2285353946286867
383,2015-07-23,14414.964534258776,17771.274579143457,3356.31004488468,0.2328351233128623
383,2015-07-24,13662.72659306803,17329.352884755855,3666.626291687826,0.2683670983761132
383,2015-07-25,15624.011803506964,17905.318755946475,2281.3069524395105,0.1460128794787167
383,2015-07-27,17787.378025008384,17787.378025008384,0.0,0.0
383,2015-07-28,18014.877142762605,18014.877142762605,0.0,0.0
383,2015-07-29,17453.257571900962,17453.257571900962,0.0,0.0
383,2015-07-30,17656.41084165971,17656.41084165971,0.0,0.0
383,2015-07-31,17004.469540584767,17004.469540584767,0.0,0.0
423,2015-06-20,9631.756689837635,13383.538353498165,3751.781663660528,0.3895220554749884
423,2015-06-21,14911.22946328868,14804.68319182088,-106.54627146779784,-0.0071453713277039
423,2015-06-22,11637.26200854637,14364.9476372451,2727.6856286987313,0.2343923877193387
423,2015-06-23,10045.82131031078,13419.29167606896,3373.4703657581795,0.3358083188574869
423,2015-06-24,9328.973495435772,12611.270667223464,3282.2971717876917,0.3518390499655257
423,2015-06-25,9169.974235484602,12841.258618390431,3671.284382905831,0.4003592909453596
423,2015-06-26,11513.42537490362,14188.544978225733,2675.1196033221113,0.2323478475096734
423,2015-06-27,9151.933021211584,13539.81823904238,4387.885217830795,0.4794490090411416
423,2015-06-28,15582.015396582046,15705.443650030697,123.42825344865014,0.0079211995564915
423,2015-06-29,14015.718710788657,14015.718710788657,0.0,0.0
423,2015-06-30,13624.38094176358,13624.38094176358,0.0,0.0
423,2015-07-01,13868.556404102836,13868.556404102836,0.0,0.0
423,2015-07-02,13680.123580302155,13680.123580302155,0.0,0.0
423,2015-07-03,13869.18165594236,13869.18165594236,0.0,0.0
423,2015-07-04,9549.993590666549,13949.66676609511,4399.673175428561,0.4606990710159715
423,2015-07-05,13443.681340238409,13383.054723527612,-60.62661671079513,-0.0045096737401334
423,2015-07-06,10746.519565096,14051.64020716045,3305.1206420644503,0.3075526566572557
423,2015-07-07,9691.17113080441,12944.864647201455,3253.6935163970466,0.3357379074707326
423,2015-07-08,9879.228249761816,12580.091347880105,2700.863098118287,0.2733880653261962
423,2015-07-09,9997.485980845902,12752.192687345694,2754.706706499792,0.2755399419191495
423,2015-07-10,11224.582490096387,13289.952299940933,2065.369809844544,0.1840041544232803
423,2015-07-11,8905.451951233195,12036.007577398195,3130.5556261650017,0.3515324818221599
423,2015-07-12,15107.824991229616,14189.784857071134,-918.040134158482,-0.0607658703149806
423,2015-07-13,13350.111214271104,13350.111214271104,0.0,0.0
423,2015-07-14,12383.317945706478,12383.317945706478,0.0,0.0
423,2015-07-15,12077.846669233886,12077.846669233886,0.0,0.0
423,2015-07-16,11867.355801800106,11867.355801800106,0.0,0.0
423,2015-07-17,12651.200212641095,12651.200212641095,0.0,0.0
423,2015-07-18,9098.123899842292,13282.138830879108,4184.014931036814,0.4598766709595305
423,2015-07-19,14410.68914294938,14949.611937094132,538.9227941447516,0.0373974338630728
423,2015-07-20,11014.123017515156,14470.089658325156,3455.96664081,0.3137759252656036
423,2015-07-21,10659.059630266796,13507.228640856612,2848.169010589816,0.2672064055728081
423,2015-07-22,9655.370237282135,12675.202789290192,3019.832552008058,0.312761963321471
423,2015-07-23,9774.297987367643,12960.416980335183,3186.11899296754,0.3259690872004616
423,2015-07-24,11169.888004722758,13591.18702687444,2421.299022151683,0.2167702148068028
423,2015-07-25,9581.542649209803,13262.946749790726,3681.404100580923,0.3842183075691398
423,2015-07-26,14841.390743187108,14910.003276543692,68.6125333565833,0.004623052821925
423,2015-07-27,14036.522561719928,14036.522561719928,0.0,0.0
423,2015-07-28,12606.94131117027,12606.94131117027,0.0,0.0
423,2015-07-29,12151.296833269622,12151.296833269622,0.0,0.0
423,2015-07-30,13389.458027088072,13389.458027088072,0.0,0.0
423,2015-07-31,14691.851712389016,14691.851712389016,0.0,0.0
513,2015-06-20,15438.788272474294,17287.226757085533,1848.438484611239,0.1197269145731343
513,2015-06-22,15773.624300699012,17619.021701175057,1845.3974004760455,0.1169926052057843
513,2015-06-23,15203.903858228176,17466.159019309755,2262.255161081577,0.148794361117804
513,2015-06-24,14198.193362023863,16874.019446921222,2675.826084897357,0.1884624343865066
513,2015-06-25,13884.200709427229,16908.93787405292,3024.7371646256943,0.217854612442467
513,2015-06-26,14422.299928666363,17391.182454561706,2968.882525895342,0.2058536114613916
513,2015-06-27,15531.26075357392,17727.532311843876,2196.2715582699566,0.1414097408521436
513,2015-06-29,18063.666341786666,18063.666341786666,0.0,0.0
513,2015-06-30,18638.503935603338,18638.503935603338,0.0,0.0
513,2015-07-01,17839.07471990584,17839.07471990584,0.0,0.0
513,2015-07-02,17754.490680368588,17754.490680368588,0.0,0.0
513,2015-07-03,17204.806179899384,17204.806179899384,0.0,0.0
513,2015-07-04,16038.959314793692,17425.72591237593,1386.7665975822365,0.0864623801559954
513,2015-07-06,15985.300860657731,17429.21860021363,1443.9177395558982,0.0903278425687689
513,2015-07-07,15533.18185266729,17550.573118726683,2017.3912660593924,0.1298762407595823
513,2015-07-08,14098.7110045596,17104.964703630452,3006.253699070852,0.213228975194868
513,2015-07-09,13736.37149153062,16999.643575203074,3263.272083672453,0.2375643440980375
513,2015-07-10,14008.475223105166,17073.125009244803,3064.6497861396365,0.2187711180075397
513,2015-07-11,14606.90567845251,17360.97082140734,2754.0651429548307,0.1885454184192831
513,2015-07-13,17956.221927603066,17956.221927603066,0.0,0.0
513,2015-07-14,18121.43217401616,18121.43217401616,0.0,0.0
513,2015-07-15,17693.453425231917,17693.453425231917,0.0,0.0
513,2015-07-16,17747.128850088873,17747.128850088873,0.0,0.0
513,2015-07-17,16867.056411852336,16867.056411852336,0.0,0.0
513,2015-07-18,15158.231677937772,17098.487171377426,1940.255493439654,0.1280001212980285
513,2015-07-20,15727.587057466146,17498.47637009095,1770.889312624804,0.1125976480787708
513,2015-07-21,15274.734102425717,17408.50741666648,2133.773314240765,0.1396929923580083
513,2015-07-22,14067.567918939303,17030.62029777522,2963.0523788359133,0.2106300389598067
513,2015-07-23,13448.592624052462,16722.39368822634,3273.8010641738783,0.2434307555958509
513,2015-07-24,12779.419421675682,16369.853174880278,3590.4337532045956,0.2809543716136836
513,2015-07-25,13953.562825227373,17152.8181212517,3199.2552960243283,0.2292787394944198
513,2015-07-27,18015.604297882703,18015.604297882703,0.0,0.0
513,2015-07-28,18086.377924702763,18086.377924702763,0.0,0.0
513,2015-07-29,17441.459638013966,17441.459638013966,0.0,0.0
513,2015-07-30,17472.328218473835,17472.328218473835,0.0,0.0
513,2015-07-31,17283.301690009197,17283.301690009197,0.0,0.0
546,2015-06-20,12341.99959270721,15394.948691573489,3052.9490988662765,0.2473625992234062
546,2015-06-22,14045.97215786745,17485.489167034604,3439.5170091671534,0.2448756818331443
546,2015-06-23,12902.554101460417,16665.70762970799,3763.153528247576,0.2916595814019204
546,2015-06-24,12308.138989366123,15693.657701527476,3385.5187121613526,0.2750634125180373
546,2015-06-25,12051.796640293083,15654.734622083495,3602.937981790412,0.298954428897731
546,2015-06-26,11605.534615781138,15445.4484635089,3839.913847727763,0.3308691908519466
546,2015-06-27,11850.44840259102,15039.755957836567,3189.3075552455466,0.2691296942441626
546,2015-06-29,16695.0455169118,16695.0455169118,0.0,0.0
546,2015-06-30,16983.012080672248,16983.012080672248,0.0,0.0
546,2015-07-01,16716.11595295509,16716.11595295509,0.0,0.0
546,2015-07-02,16802.832343902643,16802.832343902643,0.0,0.0
546,2015-07-03,15337.006073040826,15337.006073040826,0.0,0.0
546,2015-07-04,13602.267661723125,15892.894500111805,2290.62683838868,0.1684003649505089
546,2015-07-06,14583.401290753976,17790.003163969257,3206.6018732152806,0.2198802466780022
546,2015-07-07,13536.66341368577,16528.626793516327,2991.9633798305567,0.2210266509844395
546,2015-07-08,13318.157288383898,16343.22099137569,3025.0637029917925,0.2271383073114967
546,2015-07-09,13175.436874767453,16805.253307662348,3629.816432894895,0.2754987532782636
546,2015-07-10,12483.628880119795,16195.985357365837,3712.356477246039,0.2973779910389658
546,2015-07-11,12022.11434732476,15134.834371884472,3112.7200245597123,0.2589161885032623
546,2015-07-13,18019.984376955857,18019.984376955857,0.0,0.0
546,2015-07-14,17019.606698653755,17019.606698653755,0.0,0.0
546,2015-07-15,16326.410306355188,16326.410306355188,0.0,0.0
546,2015-07-16,16208.985020664604,16208.985020664604,0.0,0.0
546,2015-07-17,16119.616115663435,16119.616115663435,0.0,0.0
546,2015-07-18,12971.76379346371,15508.919205705475,2537.1554122417674,0.1955906268907089
546,2015-07-20,14697.018471184449,17459.23421911991,2762.215747935463,0.1879439529419638
546,2015-07-21,14112.641948786895,17337.025700090453,3224.383751303556,0.2284748499256526
546,2015-07-22,13030.926970421577,16359.639238291107,3328.7122678695323,0.255447081809702
546,2015-07-23,13107.541799517352,16387.608024116234,3280.0662245988824,0.2502426675244065
546,2015-07-24,13317.39251934073,16575.489316163093,3258.096796822363,0.2446497534776915
546,2015-07-25,11661.855618236255,14343.67292103281,2681.817302796555,0.2299648864287821
546,2015-07-27,17521.437937275543,17521.437937275543,0.0,0.0
546,2015-07-28,16364.030117705084,16364.030117705084,0.0,0.0
546,2015-07-29,15203.081900009973,15203.081900009973,0.0,0.0
546,2015-07-30,16117.993723992397,16117.993723992397,0.0,0.0
546,2015-07-31,16303.294679378036,16303.294679378036,0.0,0.0
560,2015-06-20,13817.852507227572,16439.06136175499,2621.2088545274164,0.1896972668622975
560,2015-06-22,12591.186221733831,16731.255367540656,4140.069145806823,0.3288069188160039
560,2015-06-23,11646.554846075163,15842.784133981568,4196.229287906404,0.3602979029734716
560,2015-06-24,11629.84882950296,15119.818387509573,3489.969558006611,0.3000872676137585
560,2015-06-25,10972.38914814268,14899.374271407396,3926.985123264716,0.3578969967474627
560,2015-06-26,11856.351926310195,15235.367574393336,3379.0156480831374,0.2849962340089476
560,2015-06-27,14431.810264090504,16698.454380241226,2266.6441161507228,0.1570588910658442
560,2015-06-29,17538.68214310886,17538.68214310886,0.0,0.0
560,2015-06-30,17791.50587890169,17791.50587890169,0.0,0.0
560,2015-07-01,17406.798325686384,17406.798325686384,0.0,0.0
560,2015-07-02,16550.736620705535,16550.736620705535,0.0,0.0
560,2015-07-03,15196.881329356484,15196.881329356484,0.0,0.0
560,2015-07-04,15218.57510630868,16713.323233128005,1494.748126819326,0.0982186647815468
560,2015-07-06,12748.232180966614,16530.348900111236,3782.116719144622,0.2966777405255769
560,2015-07-07,11555.08744005862,15319.536321529007,3764.4488814703873,0.3257828122026993
560,2015-07-08,11323.933930033783,15193.956348914862,3870.022418881079,0.3417560048294571
560,2015-07-09,11404.935470939909,15436.048934770448,4031.113463830541,0.353453421468445
560,2015-07-10,11947.124780844975,15728.421338050068,3781.2965572050903,0.3165026419802449
560,2015-07-11,13521.987485603477,16102.365870574047,2580.378384970574,0.1908283370116885
560,2015-07-13,17786.097672622145,17786.097672622145,0.0,0.0
560,2015-07-14,16025.433953114887,16025.433953114887,0.0,0.0
560,2015-07-15,16042.802254243712,16042.802254243712,0.0,0.0
560,2015-07-16,14632.84878344301,14632.84878344301,0.0,0.0
560,2015-07-17,14975.528214153492,14975.528214153492,0.0,0.0
560,2015-07-18,13910.576777881426,16337.935828071822,2427.3590501903964,0.1744973690846543
560,2015-07-20,13714.054705012688,17088.196948843943,3374.1422438312547,0.246035349603641
560,2015-07-21,12756.007360263884,16175.358600473464,3419.3512402095803,0.2680581112598891
560,2015-07-22,12112.403104838551,15571.256064136009,3458.8529592974537,0.2855629002237997
560,2015-07-23,11848.677349064796,15605.496407954224,3756.8190588894263,0.3170665339440565
560,2015-07-24,12077.408202503157,15549.40429013644,3471.9960876332843,0.2874785739968349
560,2015-07-25,13167.832608394709,15750.601820751242,2582.769212356534,0.1961423181146741
560,2015-07-27,17341.08502886456,17341.08502886456,0.0,0.0
560,2015-07-28,16281.992082478446,16281.992082478446,0.0,0.0
560,2015-07-29,15527.55718338054,15527.55718338054,0.0,0.0
560,2015-07-30,16420.178753957836,16420.178753957836,0.0,0.0
560,2015-07-31,16848.242193786256,16848.242193786256,0.0,0.0
562,2015-06-20,13236.104618677484,15961.394513591353,2725.289894913869,0.2058981832969353
562,2015-06-21,17619.319150749445,18748.499421166885,1129.1802704174406,0.0640876222716818
562,2015-06-22,16647.887072978494,17797.949306659128,1150.0622336806337,0.069081573453686
562,2015-06-23,16105.429945033186,17869.716163043853,1764.2862180106677,0.1095460490053395
562,2015-06-24,15519.45852988786,17444.439357442785,1924.9808275549256,0.1240365972722397
562,2015-06-25,15485.966165372742,17486.833551261076,2000.867385888334,0.1292052019564885
562,2015-06-26,16142.244018940037,18081.530084387723,1939.286065447688,0.1201373280674163
562,2015-06-27,13640.101997981148,16132.360163335328,2492.25816535418,0.1827155079722318
562,2015-06-28,18272.084321320963,19180.51176495323,908.4274436322668,0.0497166840770463
562,2015-06-29,17875.48676154521,17875.48676154521,0.0,0.0
562,2015-06-30,18108.35728598212,18108.35728598212,0.0,0.0
562,2015-07-01,17666.37513634031,17666.37513634031,0.0,0.0
562,2015-07-02,17652.884267525274,17652.884267525274,0.0,0.0
562,2015-07-03,17635.51478351646,17635.51478351646,0.0,0.0
562,2015-07-04,13071.199013551246,15657.075667553818,2585.8766540025717,0.1978301035216224
562,2015-07-05,17229.58805995383,18393.026037965603,1163.4379780117742,0.0675255829659628
562,2015-07-06,16528.239975647863,17627.755023840156,1099.5150481922938,0.0665234199051006
562,2015-07-07,16244.712805234223,17444.242282991207,1199.5294777569834,0.0738412240424762
562,2015-07-08,16037.54481757758,17577.10062915027,1539.5558115726908,0.0959969764128294
562,2015-07-09,15810.270907987628,17663.25100823763,1852.9801002500008,0.1172010341273686
562,2015-07-10,16163.325580720915,17762.34063109129,1599.0150503703735,0.0989285925340529
562,2015-07-11,11966.541184903246,14956.898802367436,2990.3576174641894,0.2498932290674573
562,2015-07-12,17841.91158845972,19208.768560098353,1366.8569716386337,0.0766093344237131
562,2015-07-13,17727.7602507231,17727.7602507231,0.0,0.0
562,2015-07-14,17672.705463144186,17672.705463144186,0.0,0.0
562,2015-07-15,17829.73911755178,17829.73911755178,0.0,0.0
562,2015-07-16,17693.588454886358,17693.588454886358,0.0,0.0
562,2015-07-17,17688.12941217248,17688.12941217248,0.0,0.0
562,2015-07-18,12086.35641036376,15021.832805899412,2935.476395535652,0.242875213659805
562,2015-07-19,17698.907844820063,18919.141814190574,1220.2339693705107,0.0689440263811326
562,2015-07-20,16524.76936580623,17992.41969400659,1467.6503282003578,0.088815177731756
562,2015-07-21,16538.2639802953,17955.668232473065,1417.4042521777628,0.08570453669542
562,2015-07-22,16094.498382622194,18079.0396023696,1984.5412197474031,0.1233055652042056
562,2015-07-23,15480.530148407604,17629.68715169766,2149.157003290058,0.1388296771936541
562,2015-07-24,15966.560602168496,17702.20692892521,1735.6463267567142,0.1087050849586847
562,2015-07-25,11675.289552098233,14940.49736585261,3265.2078137543776,0.2796682514111668
562,2015-07-26,17267.542498543902,18619.115544184,1351.573045640096,0.078272460933805
562,2015-07-27,17683.546466877255,17683.546466877255,0.0,0.0
562,2015-07-28,17632.22498195669,17632.22498195669,0.0,0.0
562,2015-07-29,17102.438579493046,17102.438579493046,0.0,0.0
562,2015-07-30,17329.468438597713,17329.468438597713,0.0,0.0
562,2015-07-31,17695.41308843642,17695.41308843642,0.0,0.0
586,2015-06-20,15748.94627985418,17380.171446159045,1631.2251663048664,0.1035767814124495
586,2015-06-22,13885.964910132592,17015.680484469045,3129.715574336453,0.2253869712757734
586,2015-06-23,13103.410261690897,16903.271414568368,3799.8611528774727,0.2899902450575587
586,2015-06-24,12684.909008759283,16324.1230007228,3639.213991963515,0.2868931885479459
586,2015-06-25,11786.53261550166,15552.545061717665,3766.012446216004,0.3195182645371838
586,2015-06-26,12451.955421599618,15575.95996683478,3124.0045452351624,0.2508846554185497
586,2015-06-27,16088.34329758546,18205.765130180695,2117.421832595235,0.1316121736980226
586,2015-06-29,17718.32557111625,17718.32557111625,0.0,0.0
586,2015-06-30,18027.003961233164,18027.003961233164,0.0,0.0
586,2015-07-01,18206.78647285196,18206.78647285196,0.0,0.0
586,2015-07-02,17841.416004467028,17841.416004467028,0.0,0.0
586,2015-07-03,15056.416011600051,15056.416011600051,0.0,0.0
586,2015-07-04,16628.684003079903,17863.20664199132,1234.5226389114175,0.0742405495637997
586,2015-07-06,14247.40592067585,17402.89343665343,3155.48751597758,0.2214780384265133
586,2015-07-07,13034.068995739706,16708.631725885025,3674.5627301453183,0.2819198464690021
586,2015-07-08,12868.027067324683,17101.680554117214,4233.653486792531,0.3290056404639445
586,2015-07-09,12154.005226044916,16466.143813252616,4312.138587207699,0.354791569281802
586,2015-07-10,13004.844022006651,16678.08708375072,3673.2430617440696,0.2824519121896617
586,2015-07-11,14956.387413610171,17476.568585644018,2520.1811720338446,0.1685019986671716
586,2015-07-13,17882.67567247865,17882.67567247865,0.0,0.0
586,2015-07-14,17148.823496176832,17148.823496176832,0.0,0.0
586,2015-07-15,17554.275958158505,17554.275958158505,0.0,0.0
586,2015-07-16,15382.792335456068,15382.792335456068,0.0,0.0
586,2015-07-17,14294.145910959887,14294.145910959887,0.0,0.0
586,2015-07-18,14592.313119993689,16876.892695730847,2284.579575737158,0.1565604820120626
586,2015-07-20,13426.865849973612,17014.281811634555,3587.415961660943,0.2671819322353618
586,2015-07-21,12817.230139698771,17281.814218749663,4464.58407905089,0.3483267469172411
586,2015-07-22,12527.105460192706,16548.64385228524,4021.538392092534,0.3210269447217275
586,2015-07-23,11972.311375504309,16082.862681135004,4110.551305630697,0.3433381555746205
586,2015-07-24,12174.869759827609,15946.188411464733,3771.318651637126,0.3097625458040651
586,2015-07-25,14839.574552902372,17301.06757171066,2461.493018808287,0.1658735572258613
586,2015-07-27,17808.706956266284,17808.706956266284,0.0,0.0
586,2015-07-28,16213.131280953194,16213.131280953194,0.0,0.0
586,2015-07-29,16015.44931667087,16015.44931667087,0.0,0.0
586,2015-07-30,16008.577451029983,16008.577451029983,0.0,0.0
586,2015-07-31,15482.762495756482,15482.762495756482,0.0,0.0
595,2015-06-20,13973.51446011321,16374.657581749689,2401.143121636478,0.1718353051761199
595,2015-06-22,13842.33438875387,17315.983155395057,3473.6487666411867,0.2509438559339625
595,2015-06-23,14142.296447922226,17233.873285180067,3091.5768372578405,0.2186050086449752
595,2015-06-24,12940.363341855273,16101.836614199106,3161.4732723438337,0.2443110126682555
595,2015-06-25,11805.77620110792,15268.810702620667,3463.0345015127496,0.2933339106655062
595,2015-06-26,12141.506201178096,15969.95837152396,3828.452170345863,0.3153193769298891
595,2015-06-27,13865.57725115182,16537.168415403954,2671.5911642521332,0.1926779618230609
595,2015-06-29,18495.819669242068,18495.819669242068,0.0,0.0
595,2015-06-30,18358.20515369797,18358.20515369797,0.0,0.0
595,2015-07-01,17191.09683593268,17191.09683593268,0.0,0.0
595,2015-07-02,16478.17728939922,16478.17728939922,0.0,0.0
595,2015-07-03,15022.509368858107,15022.509368858107,0.0,0.0
595,2015-07-04,14331.179145163524,16145.85655857998,1814.677413416457,0.1266244316001641
595,2015-07-06,13519.83145154358,17137.027601708916,3617.196150165337,0.2675474293544063
595,2015-07-07,12050.580093793638,15710.352473507552,3659.772379713915,0.3037009298497417
595,2015-07-08,11991.11322756414,15183.10482679771,3191.991599233568,0.2661964355316145
595,2015-07-09,11706.242506727249,15667.761223508203,3961.518716780956,0.338410785058005
595,2015-07-10,12626.282327653493,15948.020308191815,3321.7379805383225,0.2630812375597849
595,2015-07-11,13368.95486411511,16236.777629092496,2867.8227649773853,0.2145136096371439
595,2015-07-13,17936.63651390236,17936.63651390236,0.0,0.0
595,2015-07-14,16827.742266625137,16827.742266625137,0.0,0.0
595,2015-07-15,15949.098275636514,15949.098275636514,0.0,0.0
595,2015-07-16,15230.26952037384,15230.26952037384,0.0,0.0
595,2015-07-17,14871.056683782632,14871.056683782632,0.0,0.0
595,2015-07-18,12495.180176802256,15903.016436263477,3407.836259461221,0.2727320623825808
595,2015-07-20,13593.236043407756,17887.370919473404,4294.134876065649,0.3159023254178062
595,2015-07-21,12783.625261974355,16907.816663037105,4124.191401062748,0.3226151671803457
595,2015-07-22,11732.33833743444,15516.470912164932,3784.1325747304927,0.3225386505140615
595,2015-07-23,11241.02089237788,15281.954152175158,4040.933259797279,0.3594809847330936
595,2015-07-24,11455.148325895949,15193.64494301663,3738.4966171206834,0.3263595119645281
595,2015-07-25,12141.08397888256,15034.71065227357,2893.626673391009,0.2383334699293738
595,2015-07-27,17499.664842505827,17499.664842505827,0.0,0.0
595,2015-07-28,16386.435424393003,16386.435424393003,0.0,0.0
595,2015-07-29,15980.4652425624,15980.4652425624,0.0,0.0
595,2015-07-30,17217.501254123334,17217.501254123334,0.0,0.0
595,2015-07-31,17431.01950395228,17431.01950395228,0.0,0.0
698,2015-06-20,14921.50231527706,16714.986842371065,1793.484527094004,0.1201946351781069
698,2015-06-22,15663.49192876499,17401.182154290756,1737.6902255257664,0.1109388783438902
698,2015-06-23,14290.10317998208,16983.335608609927,2693.232428627846,0.1884683682620703
698,2015-06-24,13833.397051807387,16656.40917951283,2823.0121277054423,0.204072225869972
698,2015-06-25,13061.745198710849,16436.276610290264,3374.5314115794154,0.2583522615272322
698,2015-06-26,13986.654695007725,17014.386910167992,3027.7322151602675,0.216472936608706
698,2015-06-27,14775.33982905061,16742.840129464043,1967.5003004134323,0.1331610861866622
698,2015-06-29,17714.226430270675,17714.226430270675,0.0,0.0
698,2015-06-30,17959.756778190196,17959.756778190196,0.0,0.0
698,2015-07-01,18110.7205628172,18110.7205628172,0.0,0.0
698,2015-07-02,17636.15557326062,17636.15557326062,0.0,0.0
698,2015-07-03,17315.227840752064,17315.227840752064,0.0,0.0
698,2015-07-04,15731.93423378784,17223.67283738444,1491.7386035966028,0.0948223264493924
698,2015-07-06,16341.158283228848,17482.74725857931,1141.5889753504634,0.0698597342712292
698,2015-07-07,15370.220314461088,17192.82614221001,1822.6058277489249,0.1185803319965507
698,2015-07-08,15004.976775447907,17038.934067543018,2033.9572920951105,0.1355521786227087
698,2015-07-09,14294.770809108648,16861.667545014607,2566.896735905959,0.1795689325966897
698,2015-07-10,14821.08799396293,17372.120819592543,2551.0328256296125,0.1721218325313717
698,2015-07-11,14332.531670342516,16554.80076899817,2222.2690986556554,0.1550507021208311
698,2015-07-13,17843.50592993135,17843.50592993135,0.0,0.0
698,2015-07-14,17874.00037007812,17874.00037007812,0.0,0.0
698,2015-07-15,17437.25783263736,17437.25783263736,0.0,0.0
698,2015-07-16,16915.83032809301,16915.83032809301,0.0,0.0
698,2015-07-17,16667.10489905105,16667.10489905105,0.0,0.0
698,2015-07-18,14932.654848890885,16736.064280555696,1803.4094316648136,0.1207695115111269
698,2015-07-20,16573.98572851315,17395.312598384276,821.3268698711254,0.0495551814346111
698,2015-07-21,15527.300679418831,17224.491404978133,1697.1907255592996,0.1093036555805798
698,2015-07-22,14713.61889469094,16838.526133479794,2124.9072387888536,0.1444177162666335
698,2015-07-23,13484.100812341449,16586.052202827836,3101.951390486389,0.2300451052433025
698,2015-07-24,13635.221720615344,16771.089897387275,3135.868176771932,0.2299829251790423
698,2015-07-25,14157.499043746757,16727.122331262057,2569.623287515302,0.1815026283650206
698,2015-07-27,17605.614051549353,17605.614051549353,0.0,0.0
698,2015-07-28,17167.17022941276,17167.17022941276,0.0,0.0
698,2015-07-29,16409.24258507172,16409.24258507172,0.0,0.0
698,2015-07-30,16557.902296357555,16557.902296357555,0.0,0.0
698,2015-07-31,17329.623090230885,17329.623090230885,0.0,0.0
733,2015-06-20,13623.995960360417,15511.945952742664,1887.9499923822475,0.1385753488092125
733,2015-06-21,16283.612211876423,17704.882143132585,1421.2699312561615,0.0872822266191994
733,2015-06-22,14352.324686402351,16952.581267148646,2600.2565807462943,0.1811731992943152
733,2015-06-23,14155.887494273711,16395.319079667377,2239.431585393666,0.1581978937243993
733,2015-06-24,13101.95734264106,15258.2117559597,2156.25441331864,0.1645749834874663
733,2015-06-25,12602.964111451438,14889.552272993977,2286.5881615425387,0.1814325694591858
733,2015-06-26,15035.670895793388,16678.18303646486,1642.5121406714716,0.1092410276904242
733,2015-06-27,14188.627365699023,15859.246070300424,1670.6187046014002,0.1177435041137324
733,2015-06-28,16271.389776007867,17082.41675984138,811.0269838335134,0.0498437438349225
733,2015-06-29,16381.751987453614,16381.751987453614,0.0,0.0
733,2015-06-30,16010.199373060344,16010.199373060344,0.0,0.0
733,2015-07-01,16581.691567370417,16581.691567370417,0.0,0.0
733,2015-07-02,17037.93088250971,17037.93088250971,0.0,0.0
733,2015-07-03,17151.43358022342,17151.43358022342,0.0,0.0
733,2015-07-04,15056.979110461674,16453.140744118722,1396.1616336570478,0.0927252155571489
733,2015-07-05,16398.11441318414,17695.69523946017,1297.5808262760293,0.079129880032595
733,2015-07-06,14896.60090877281,16626.514791398753,1729.9138826259425,0.116128094806324
733,2015-07-07,13833.844045444266,15838.08408802647,2004.2400425822032,0.1448794735576216
733,2015-07-08,13426.480367422624,15535.028877268518,2108.548509845894,0.1570440243566717
733,2015-07-09,13384.8151547636,15652.201248784446,2267.386094020845,0.1693998809698833
733,2015-07-10,15320.92969838899,16813.80840120328,1492.8787028142906,0.0974404773211163
733,2015-07-11,13668.266363092274,15496.118059136576,1827.851696044303,0.133729592875067
733,2015-07-12,15800.185722773049,17163.835676896375,1363.649954123326,0.0863059446293644
733,2015-07-13,16574.59025888849,16574.59025888849,0.0,0.0
733,2015-07-14,15597.459352898615,15597.459352898615,0.0,0.0
733,2015-07-15,14844.10100162608,14844.10100162608,0.0,0.0
733,2015-07-16,14954.578665813206,14954.578665813206,0.0,0.0
733,2015-07-17,16131.910531077803,16131.910531077803,0.0,0.0
733,2015-07-18,12951.33596131122,14934.913002631494,1983.5770413202736,0.1531561722470715
733,2015-07-19,15716.585597587486,17138.57614144187,1421.990543854385,0.0904770654557858
733,2015-07-20,14184.114809056677,16282.738965635506,2098.6241565788296,0.1479559482442175
733,2015-07-21,13534.448111264725,15695.336612297064,2160.888501032341,0.1596584126126157
733,2015-07-22,12789.798233762162,14767.46202003155,1977.663786269388,0.1546282240050359
733,2015-07-23,13213.797414104203,15377.511255872432,2163.713841768227,0.1637465577804842
733,2015-07-24,14423.228727456344,16293.226072807409,1869.9973453510647,0.129651784679203
733,2015-07-25,13219.337638707071,15367.772344303808,2148.4347055967337,0.1625221145200178
733,2015-07-26,15285.513934663652,16732.95099785789,1447.4370631942384,0.0946933854747153
733,2015-07-27,15987.0825548453,15987.0825548453,0.0,0.0
733,2015-07-28,15065.2659823701,15065.2659823701,0.0,0.0
733,2015-07-29,14866.982368434812,14866.982368434812,0.0,0.0
733,2015-07-30,15335.662166640292,15335.662166640292,0.0,0.0
733,2015-07-31,16664.425117350118,16664.425117350118,0.0,0.0
756,2015-06-20,16934.38054444118,18608.899858942932,1674.519314501751,0.0988828206681243
756,2015-06-22,14712.263086826057,17204.81172007505,2492.5486332489927,0.1694197975212202
756,2015-06-23,14400.678614388784,17192.8484195549,2792.169805166115,0.1938915435815817
756,2015-06-24,13812.975308276826,16682.281017665377,2869.305709388551,0.207725391912432
756,2015-06-25,13594.167983873698,16770.92468742284,3176.756703549143,0.2336852617473626
756,2015-06-26,14494.927095330882,17389.58815362422,2894.661058293337,0.1997016638480208
756,2015-06-27,17075.537118931577,18898.24376238025,1822.7066434486733,0.1067437370053704
756,2015-06-29,17483.920423064155,17483.920423064155,0.0,0.0
756,2015-06-30,19209.446451276992,19209.446451276992,0.0,0.0
756,2015-07-01,18527.887158964793,18527.887158964793,0.0,0.0
756,2015-07-02,17880.932060075553,17880.932060075553,0.0,0.0
756,2015-07-03,17232.0207652216,17232.0207652216,0.0,0.0
756,2015-07-04,16879.88343169116,18441.42079442361,1561.5373627324516,0.0925087764409996
756,2015-07-06,15896.078946683723,17763.430862766814,1867.3519160830892,0.1174724862871079
756,2015-07-07,14619.484521706116,17236.46536952298,2616.9808478168616,0.1790063694743359
756,2015-07-08,13644.852681956503,16696.197865398004,3051.345183441501,0.2236260994943901
756,2015-07-09,12157.965021791288,16724.095572207734,4566.130550416447,0.375567008313674
756,2015-07-10,13906.3809697007,17240.873813183123,3334.4928434824233,0.2397814967637974
756,2015-07-11,16270.17129861604,18470.47411667656,2200.3028180605197,0.1352353812186157
756,2015-07-13,17945.502407361473,17945.502407361473,0.0,0.0
756,2015-07-14,18287.730219871733,18287.730219871733,0.0,0.0
756,2015-07-15,17923.36205139343,17923.36205139343,0.0,0.0
756,2015-07-16,16826.979058882232,16826.979058882232,0.0,0.0
756,2015-07-17,16947.767598662853,16947.767598662853,0.0,0.0
756,2015-07-18,16450.761239630025,18172.03448764431,1721.273248014284,0.104631829672886
756,2015-07-20,14328.188488904598,17038.206886967888,2710.01839806329,0.189138941057473
756,2015-07-21,13317.34613991498,16954.901113756998,3637.5549738420177,0.2731441336453271
756,2015-07-22,13184.64168601298,16973.98704629457,3789.345360281588,0.2874060175864727
756,2015-07-23,12739.833220532904,16812.13055931134,4072.297338778435,0.3196507574538006
756,2015-07-24,13826.963401467228,17449.86981904549,3622.906417578261,0.262017502497607
756,2015-07-25,15938.071504322605,18375.08302350395,2437.0115191813475,0.1529050436572831
756,2015-07-27,17803.74196544867,17803.74196544867,0.0,0.0
756,2015-07-28,18132.651512724824,18132.651512724824,0.0,0.0
756,2015-07-29,17331.41529296838,17331.41529296838,0.0,0.0
756,2015-07-30,17056.51959658463,17056.51959658463,0.0,0.0
756,2015-07-31,17525.401327428066,17525.401327428066,0.0,0.0
769,2015-06-20,11411.27704583586,14365.294035963494,2954.016990127635,0.2588682211694789
769,2015-06-21,12751.225267191974,13725.247889206414,974.0226220144395,0.0763865904338254
769,2015-06-22,11498.734228593265,13727.066130880536,2228.3319022872747,0.1937893213277515
769,2015-06-23,10997.110005956412,13142.35644650837,2145.2464405519568,0.1950736547502041
769,2015-06-24,10830.462571899472,13679.805825701951,2849.343253802479,0.263086016399275
769,2015-06-25,10657.946462695489,13868.610113069371,3210.663650373883,0.3012459915811847
769,2015-06-26,11907.22065521878,14434.174299415316,2526.9536441965356,0.2122202751898281
769,2015-06-27,12180.991923594664,15009.0842968669,2828.092373272233,0.2321725842206822
769,2015-06-28,12858.51825425188,13937.68372067586,1079.1654664239795,0.0839261138091969
769,2015-06-29,12996.72724343285,12996.72724343285,0.0,0.0
769,2015-06-30,13004.675816310451,13004.675816310451,0.0,0.0
769,2015-07-01,13426.86827173544,13426.86827173544,0.0,0.0
769,2015-07-02,13819.876545815168,13819.876545815168,0.0,0.0
769,2015-07-03,13974.34397097143,13974.34397097143,0.0,0.0
769,2015-07-04,11533.393835738338,13988.965516011474,2455.5716802731367,0.2129097224326197
769,2015-07-05,11495.48835472985,13117.86160944002,1622.373254710168,0.1411313033989233
769,2015-07-06,12115.910083185569,14588.643669163352,2472.733585977785,0.2040897934204248
769,2015-07-07,11416.543692406718,13464.8921517549,2048.3484593481826,0.179419315909995
769,2015-07-08,11532.582770469531,13514.342188175891,1981.75941770636,0.1718400342012612
769,2015-07-09,11279.210247562538,13291.739644506237,2012.529396943697,0.1784282190660121
769,2015-07-10,12164.44043394337,13997.727336208609,1833.2869022652392,0.1507086916344855
769,2015-07-11,9939.134772004823,12264.591073836087,2325.4563018312656,0.2339696920481739
769,2015-07-12,11655.548888759977,12432.526292650582,776.9774038906053,0.0666615885108493
769,2015-07-13,13278.600148077145,13278.600148077145,0.0,0.0
769,2015-07-14,12202.373552978344,12202.373552978344,0.0,0.0
769,2015-07-15,12312.741073555437,12312.741073555437,0.0,0.0
769,2015-07-16,12145.484864912643,12145.484864912643,0.0,0.0
769,2015-07-17,13116.346943015673,13116.346943015673,0.0,0.0
769,2015-07-18,10402.3512696567,13431.608375917634,3029.257106260935,0.2912088841969001
769,2015-07-19,12330.7696449813,13608.89801653826,1278.1283715569607,0.1036535762451102
769,2015-07-20,11327.094927047368,14082.816072658876,2755.7211456115074,0.24328578186727
769,2015-07-21,11474.451576109948,13361.502722879037,1887.0511467690883,0.1644567615499785
769,2015-07-22,11044.741189105867,13241.32081149873,2196.579622392863,0.1988801353316897
769,2015-07-23,10567.31016134838,13320.432149453844,2753.121988105464,0.2605319561997381
769,2015-07-24,12108.087028041808,13820.803087801283,1712.7160597594775,0.1414522422735235
769,2015-07-25,11524.86326218359,14194.7928209039,2669.9295587203105,0.231666918555218
769,2015-07-26,12402.914054729365,13447.414624607069,1044.500569877706,0.084214126234264
769,2015-07-27,12920.963865142969,12920.963865142969,0.0,0.0
769,2015-07-28,11402.72734269279,11402.72734269279,0.0,0.0
769,2015-07-29,12080.822912799702,12080.822912799702,0.0,0.0
769,2015-07-30,12942.263220227947,12942.263220227947,0.0,0.0
769,2015-07-31,14980.612661729694,14980.612661729694,0.0,0.0
788,2015-06-20,15252.650965584256,17144.43079457841,1891.779828994153,0.1240295757939208
788,2015-06-22,16978.47365464776,17910.337198174657,931.8635435268952,0.0548850010007703
788,2015-06-23,16421.415033141853,17956.568466810375,1535.1534336685218,0.0934848446720493
788,2015-06-24,15621.208741682764,17499.277344944276,1878.0686032615104,0.120225562203146
788,2015-06-25,14669.326930443494,17214.49197824417,2545.165047800674,0.1735025103652609
788,2015-06-26,15426.303207341594,17788.753109954854,2362.44990261326,0.1531442673503874
788,2015-06-27,15026.434032539764,17292.522339179606,2266.088306639842,0.1508067916667803
788,2015-06-29,17853.81668836056,17853.81668836056,0.0,0.0
788,2015-06-30,18605.124214617783,18605.124214617783,0.0,0.0
788,2015-07-01,17695.027609584373,17695.027609584373,0.0,0.0
788,2015-07-02,18036.839637023983,18036.839637023983,0.0,0.0
788,2015-07-03,17451.60133482191,17451.60133482191,0.0,0.0
788,2015-07-04,15696.0321868355,17141.071518678862,1445.0393318433617,0.0920639888248533
788,2015-07-06,17355.18312860794,17968.581928199776,613.398799591836,0.035343839073684
788,2015-07-07,16215.485311488734,17558.886466433007,1343.401154944273,0.0828468053307333
788,2015-07-08,15655.814438570516,17487.16863608916,1831.3541975186472,0.1169759775005268
788,2015-07-09,15450.307588800722,17422.718814377517,1972.411225576794,0.1276616154235345
788,2015-07-10,15630.800758501277,17613.27438326919,1982.473624767912,0.1268312260771211
788,2015-07-11,14364.497119975567,16603.76951865176,2239.272398676192,0.1558893694623123
788,2015-07-13,17948.8966598604,17948.8966598604,0.0,0.0
788,2015-07-14,18165.95046916486,18165.95046916486,0.0,0.0
788,2015-07-15,18129.47476066955,18129.47476066955,0.0,0.0
788,2015-07-16,17468.751746379956,17468.751746379956,0.0,0.0
788,2015-07-17,17385.525761838435,17385.525761838435,0.0,0.0
788,2015-07-18,14770.608960815129,16762.62312070658,1992.0141598914504,0.134863373959466
788,2015-07-20,17031.265223868446,17775.020904588317,743.7556807198707,0.043670019281805
788,2015-07-21,16691.172035150128,18004.855487551475,1313.6834524013466,0.0787052850234151
788,2015-07-22,15323.76624930516,17272.256930164807,1948.490680859648,0.1271548161959205
788,2015-07-23,15143.16966474539,17353.082116600042,2209.9124518546523,0.1459346029120653
788,2015-07-24,15473.23900209396,17915.499730392006,2442.260728298046,0.157837717621213
788,2015-07-25,14135.987859388912,17276.77514611479,3140.7872867258775,0.2221837849584607
788,2015-07-27,18049.517419921776,18049.517419921776,0.0,0.0
788,2015-07-28,18044.950831903276,18044.950831903276,0.0,0.0
788,2015-07-29,17495.18025187969,17495.18025187969,0.0,0.0
788,2015-07-30,17670.319512134356,17670.319512134356,0.0,0.0
788,2015-07-31,17850.795864323034,17850.795864323034,0.0,0.0
817,2015-06-20,13744.937683087675,15210.01456389109,1465.0768808034136,0.1065902890637403
817,2015-06-22,17818.78319694686,17977.301591474727,158.5183945278659,0.0088961402569299
817,2015-06-23,18392.303061816503,18615.28164593696,222.97858412045753,0.0121234727032839
817,2015-06-24,17298.008409850867,17903.295007052417,605.2865972015497,0.0349916928504238
817,2015-06-25,17594.845156326624,18108.250708212156,513.4055518855312,0.0291793162897443
817,2015-06-26,17585.13131165636,18603.63529280268,1018.5039811463176,0.0579184745962743
817,2015-06-27,14414.3702321927,15496.53042050516,1082.1601883124604,0.0750750931799705
817,2015-06-29,17703.8066270262,17703.8066270262,0.0,0.0
817,2015-06-30,18464.02380276596,18464.02380276596,0.0,0.0
817,2015-07-01,17889.408825548322,17889.408825548322,0.0,0.0
817,2015-07-02,18311.783400012053,18311.783400012053,0.0,0.0
817,2015-07-03,17638.334318821016,17638.334318821016,0.0,0.0
817,2015-07-04,14260.54609323866,15489.135481502386,1228.589388263725,0.0861530393177744
817,2015-07-06,17821.499806172586,17918.98192889799,97.48212272540331,0.0054699168860995
817,2015-07-07,17577.80133470522,17814.05179038206,236.25045567683992,0.013440273398152
817,2015-07-08,17425.01635798777,17957.932558136403,532.9162001486329,0.0305833974098015
817,2015-07-09,17079.036049553742,18292.126599924453,1213.0905503707108,0.07102804554373
817,2015-07-10,17083.952055884132,18118.644315015525,1034.6922591313923,0.0605651582108613
817,2015-07-11,13125.602750980268,14595.137893242698,1469.53514226243,0.1119594406552247
817,2015-07-13,17897.978666058385,17897.978666058385,0.0,0.0
817,2015-07-14,18156.419947205857,18156.419947205857,0.0,0.0
817,2015-07-15,17982.1325787694,17982.1325787694,0.0,0.0
817,2015-07-16,17165.107530364734,17165.107530364734,0.0,0.0
817,2015-07-17,17372.87162510239,17372.87162510239,0.0,0.0
817,2015-07-18,13224.17081931544,14923.294090670395,1699.1232713549543,0.1284861859825031
817,2015-07-20,17537.945704964153,17527.091084391628,-10.854620572525164,-0.0006189220080349
817,2015-07-21,17885.79518316672,18224.680358225083,338.88517505836353,0.0189471684981222
817,2015-07-22,17217.511638847736,17757.395334204142,539.883695356406,0.0313566621403217
817,2015-07-23,17299.587024120894,18067.689426936275,768.1024028153806,0.0444000427145695
817,2015-07-24,17120.68686846159,18244.209552262953,1123.5226838013623,0.0656236921119694
817,2015-07-25,13700.069031977806,15338.203574704165,1638.1345427263568,0.1195712619332596
817,2015-07-27,17530.685835642325,17530.685835642325,0.0,0.0
817,2015-07-28,17591.493862945234,17591.493862945234,0.0,0.0
817,2015-07-29,17310.885360885273,17310.885360885273,0.0,0.0
817,2015-07-30,17516.447567036637,17516.447567036637,0.0,0.0
817,2015-07-31,16723.867420656556,16723.867420656556,0.0,0.0
827,2015-06-20,15096.56595477632,17146.744432615556,2050.1784778392357,0.135804293769908
827,2015-06-22,13400.036779976972,15882.870247089431,2482.8334671124594,0.1852855710681658
827,2015-06-23,12697.827446820533,15583.281322799208,2885.4538759786756,0.2272399658967784
827,2015-06-24,11684.721806735288,14644.292200265249,2959.5703935299607,0.2532854818866128
827,2015-06-25,11372.30912101378,14936.996562883398,3564.687441869619,0.3134532665211132
827,2015-06-26,11820.91211980364,15660.586291874924,3839.674172071283,0.3248204650501256
827,2015-06-27,14761.648214946852,17424.10733843466,2662.459123487808,0.1803632687027418
827,2015-06-29,15770.456347901125,15770.456347901125,0.0,0.0
827,2015-06-30,15196.083871883824,15196.083871883824,0.0,0.0
827,2015-07-01,15790.291954118711,15790.291954118711,0.0,0.0
827,2015-07-02,15943.196082889492,15943.196082889492,0.0,0.0
827,2015-07-03,14776.828402566663,14776.828402566663,0.0,0.0
827,2015-07-04,15948.265935350424,17570.52947880066,1622.2635434502372,0.1017203719844161
827,2015-07-06,14455.621898730296,16469.444163989967,2013.8222652596703,0.139310662617466
827,2015-07-07,13003.35698506232,15366.682375088896,2363.3253900265754,0.1817473282277383
827,2015-07-08,12890.710223954587,15545.016448135108,2654.30622418052,0.2059084548536408
827,2015-07-09,13338.665014371622,16355.751793402686,3017.086779031064,0.226191060033394
827,2015-07-10,13292.542160857643,16274.724505199583,2982.18234434194,0.2243500384090207
827,2015-07-11,15904.98253218856,17745.564320312045,1840.5817881234852,0.1157235969545083
827,2015-07-13,16240.964369189202,16240.964369189202,0.0,0.0
827,2015-07-14,15719.727291805084,15719.727291805084,0.0,0.0
827,2015-07-15,15239.7932728441,15239.7932728441,0.0,0.0
827,2015-07-16,16420.55276461264,16420.55276461264,0.0,0.0
827,2015-07-17,16396.407506980344,16396.407506980344,0.0,0.0
827,2015-07-18,15465.911478598158,17603.072231952487,2137.1607533543283,0.1381852441294357
827,2015-07-20,15902.53726982314,17189.197480171664,1286.6602103485238,0.0809091145970842
827,2015-07-21,15054.991837147169,16755.90235916272,1700.910522015551,0.112979836881656
827,2015-07-22,14248.01803686947,16536.287309743795,2288.269272874326,0.1606026372898316
827,2015-07-23,15017.303137222108,17492.30225352635,2474.999116304245,0.1648098259513505
827,2015-07-24,14591.97551817351,17339.050794219085,2747.0752760455744,0.1882593122928586
827,2015-07-25,15419.006169948429,17258.619180761834,1839.6130108134057,0.1193081441525591
827,2015-07-27,16716.775860836704,16716.775860836704,0.0,0.0
827,2015-07-28,16372.604805618095,16372.604805618095,0.0,0.0
827,2015-07-29,15787.922905850486,15787.922905850486,0.0,0.0
827,2015-07-30,16231.547706524872,16231.547706524872,0.0,0.0
827,2015-07-31,16652.026291833547,16652.026291833547,0.0,0.0
842,2015-06-20,17858.731918196107,18613.038658830123,754.306740634016,0.0422374188766146
842,2015-06-22,17062.11142930801,18155.249667837583,1093.1382385295728,0.0640681689988181
842,2015-06-23,17258.517915533048,18494.204083188317,1235.686167655269,0.0715986258902987
842,2015-06-24,16510.547916743577,17833.30560860356,1322.7576918599843,0.0801159173232862
842,2015-06-25,16635.02140054136,18003.688707158453,1368.6673066170915,0.0822762576411564
842,2015-06-26,17996.30731427632,18859.98674086195,863.6794265856333,0.0479920358939683
842,2015-06-27,17984.73874804609,18849.416982792143,864.6782347460539,0.048078442887584
842,2015-06-29,18173.472528126447,18173.472528126447,0.0,0.0
842,2015-06-30,18798.785811867132,18798.785811867132,0.0,0.0
842,2015-07-01,18198.78664741241,18198.78664741241,0.0,0.0
842,2015-07-02,17847.5477545031,17847.5477545031,0.0,0.0
842,2015-07-03,17676.06144059367,17676.06144059367,0.0,0.0
842,2015-07-04,17287.41930990962,18052.779214847316,765.3599049376971,0.0442726523385113
842,2015-07-06,17073.38490665939,18009.56787157676,936.1829649173706,0.0548328858065055
842,2015-07-07,16911.026350333424,18015.616743552273,1104.5903932188485,0.065317761934483
842,2015-07-08,16100.863754914342,17556.539495803885,1455.6757408895428,0.0904097918625786
842,2015-07-09,16115.656412222534,17604.390867942384,1488.7344557198503,0.0923781456764463
842,2015-07-10,17300.61583631259,18208.862863696915,908.2470273843246,0.0524979593777227
842,2015-07-11,17375.083945624105,18009.39997305763,634.3160274335241,0.0365072208812709
842,2015-07-13,17970.146396028005,17970.146396028005,0.0,0.0
842,2015-07-14,17722.14890490114,17722.14890490114,0.0,0.0
842,2015-07-15,17527.59659152405,17527.59659152405,0.0,0.0
842,2015-07-16,17517.460005931847,17517.460005931847,0.0,0.0
842,2015-07-17,17838.78464180769,17838.78464180769,0.0,0.0
842,2015-07-18,17006.86648907175,18022.723338341053,1015.8568492693048,0.059732158767876
842,2015-07-20,16567.41906675285,17871.845835589887,1304.4267688370385,0.0787344584923752
842,2015-07-21,16630.438114231358,18131.211716483092,1500.7736022517347,0.0902425776123997
842,2015-07-22,16492.28979322838,17841.13303603155,1348.84324280317,0.0817862928504322
842,2015-07-23,16591.959098839878,17625.483102786096,1033.5240039462187,0.0622906552378424
842,2015-07-24,17607.137809837965,18879.36493671418,1272.227126876216,0.0722563281219597
842,2015-07-25,17661.67433626065,18793.12092802827,1131.4465917676207,0.0640622497180056
842,2015-07-27,18230.392159718103,18230.392159718103,0.0,0.0
842,2015-07-28,18076.83066185005,18076.83066185005,0.0,0.0
842,2015-07-29,17593.697898230064,17593.697898230064,0.0,0.0
842,2015-07-30,17137.463487736237,17137.463487736237,0.0,0.0
842,2015-07-31,17772.083063007005,17772.083063007005,0.0,0.0
1033,2015-06-20,10512.085378399535,14752.052771584424,4239.967393184888,0.4033421762248304
1033,2015-06-22,13490.399224119996,18164.825369611495,4674.4261454914995,0.3465002086175415
1033,2015-06-23,12200.342416079784,16650.45978707168,4450.117370991895,0.36475348143727
1033,2015-06-24,11171.768080990649,15199.91503792306,4028.1469569324145,0.3605648566753296
1033,2015-06-25,11523.7707995885,15473.09719362302,3949.326394034518,0.3427112932665707
1033,2015-06-26,12174.754031843731,16581.003456450868,4406.249424607135,0.3619169153711318
1033,2015-06-27,9756.173385482423,14037.734531591272,4281.56114610885,0.4388566066773664
1033,2015-06-29,18036.85506689186,18036.85506689186,0.0,0.0
1033,2015-06-30,17830.718787687125,17830.718787687125,0.0,0.0
1033,2015-07-01,17905.42945438503,17905.42945438503,0.0,0.0
1033,2015-07-02,17077.69019845564,17077.69019845564,0.0,0.0
1033,2015-07-03,15920.38193305002,15920.38193305002,0.0,0.0
1033,2015-07-04,12041.98703205294,14957.738423685918,2915.751391632979,0.2421320820120412
1033,2015-07-06,13232.452280741749,17552.247058945184,4319.794778203437,0.3264545895616326
1033,2015-07-07,12159.571001396756,16133.161771283134,3973.5907698863793,0.3267870856159265
1033,2015-07-08,11921.088679099485,15986.583837863944,4065.495158764459,0.3410338827436325
1033,2015-07-09,12052.342126086827,16687.27896877949,4634.936842692663,0.3845673143198053
1033,2015-07-10,12364.962015222603,16860.283737721507,4495.321722498902,0.3635532173058579
1033,2015-07-11,9952.783456378236,14166.732176322348,4213.948719944112,0.4233939920840541
1033,2015-07-13,18191.115826870544,18191.115826870544,0.0,0.0
1033,2015-07-14,16841.42061352177,16841.42061352177,0.0,0.0
1033,2015-07-15,15717.758867920547,15717.758867920547,0.0,0.0
1033,2015-07-16,15425.168079118288,15425.168079118288,0.0,0.0
1033,2015-07-17,15162.78578106857,15162.78578106857,0.0,0.0
1033,2015-07-18,10964.290114334515,14849.303687475687,3885.013573141172,0.354333343301631
1033,2015-07-20,12491.37226547779,17269.26298394375,4777.89071846596,0.3824952628840101
1033,2015-07-21,11679.87582893088,16394.63865609018,4714.7628271593,0.4036654923574531
1033,2015-07-22,11228.59706180416,15383.185131737571,4154.58806993341,0.3700006373962687
1033,2015-07-23,11514.18651262593,16115.214034854826,4601.027522228895,0.3995964037219319
1033,2015-07-24,12178.879282533084,16552.905474026084,4374.026191493,0.3591484971664196
1033,2015-07-25,8961.830229323834,13611.739419291816,4649.9091899679825,0.5188570940289745
1033,2015-07-27,17385.218755968206,17385.218755968206,0.0,0.0
1033,2015-07-28,16469.62862449897,16469.62862449897,0.0,0.0
1033,2015-07-29,15485.378183049195,15485.378183049195,0.0,0.0
1033,2015-07-30,16823.013713341443,16823.013713341443,0.0,0.0
1033,2015-07-31,17383.470533356547,17383.470533356547,0.0,0.0
1114,2015-06-20,17455.29328641563,18320.895436325663,865.6021499100352,0.049589665192488
1114,2015-06-22,17796.311576412794,17978.039758128132,181.728181715338,0.0102115643983329
1114,2015-06-23,18026.659021182764,18403.03020211521,376.371180932445,0.020878587678958
1114,2015-06-24,17456.210791596048,18008.152816386086,551.942024790038,0.0316186617691257
1114,2015-06-25,17358.14072930094,18014.848917666375,656.7081883654355,0.0378328646256967
1114,2015-06-26,17742.941140918236,18511.28446663012,768.343325711885,0.0433041692247941
1114,2015-06-27,17786.222956869486,18360.212834738784,573.9898778692987,0.0322716002864233
1114,2015-06-29,17834.7560196575,17834.7560196575,0.0,0.0
1114,2015-06-30,18206.66987758632,18206.66987758632,0.0,0.0
1114,2015-07-01,17710.687575162236,17710.687575162236,0.0,0.0
1114,2015-07-02,17486.243971882486,17486.243971882486,0.0,0.0
1114,2015-07-03,17390.46192848498,17390.46192848498,0.0,0.0
1114,2015-07-04,17273.023197020975,18071.80430415093,798.7811071299548,0.0462444297109331
1114,2015-07-06,17741.868760961665,17953.70378116199,211.83502020032392,0.0119398369503462
1114,2015-07-07,17613.044234342302,18050.801795877334,437.7575615350361,0.0248541680649099
1114,2015-07-08,17421.33865444259,17997.89582495598,576.5571705133916,0.0330948833467722
1114,2015-07-09,17461.804658139314,18174.94781159594,713.1431534566254,0.0408401747367053
1114,2015-07-10,17331.420747722954,18172.390653352508,840.969905629554,0.0485228486383635
1114,2015-07-11,17032.95403398737,17856.082078894255,823.1280449068836,0.0483256188717719
1114,2015-07-13,17783.508706182165,17783.508706182165,0.0,0.0
1114,2015-07-14,18055.20169295926,18055.20169295926,0.0,0.0
1114,2015-07-15,17891.98732488309,17891.98732488309,0.0,0.0
1114,2015-07-16,17973.737467089537,17973.737467089537,0.0,0.0
1114,2015-07-17,17819.154103938,17819.154103938,0.0,0.0
1114,2015-07-18,17215.68325504861,18112.036219418555,896.352964369944,0.0520660697046155
1114,2015-07-20,17781.862239405797,17975.57938515386,193.71714574806177,0.0108940865214202
1114,2015-07-21,17808.212346296088,18272.95144459397,464.7390982978832,0.0260968978390772
1114,2015-07-22,17543.412241532234,18046.658968462703,503.24672693046887,0.0286857949868545
1114,2015-07-23,17526.465436787363,18175.25524717264,648.7898103852749,0.0370177211557722
1114,2015-07-24,17347.10274181781,18255.914820485275,908.8120786674664,0.0523898481604445
1114,2015-07-25,17579.24958418126,18427.25385064876,848.0042664674984,0.0482389343416898
1114,2015-07-27,17796.87967099585,17796.87967099585,0.0,0.0
1114,2015-07-28,17890.982872911638,17890.982872911638,0.0,0.0
1114,2015-07-29,17423.77025944079,17423.77025944079,0.0,0.0
1114,2015-07-30,17226.716108721626,17226.716108721626,0.0,0.0
1114,2015-07-31,17016.952789207175,17016.952789207175,0.0,0.0
